y_pred_prob,y_test
0.99991655,1
1.9246889e-05,0
0.9996203,1
0.999964,1
0.99983096,1
0.0009343909,0
0.99998426,1
3.5961333e-05,0
0.00011247281,0
0.99994993,1
3.9208273e-05,0
3.9873154e-05,0
9.7948076e-05,0
0.2584115,0
0.9999894,1
1.2473532e-05,0
9.5953794e-05,0
0.99993,1
0.99997437,1
0.0050000735,0
0.00011422581,0
5.2567837e-05,0
0.00016497826,0
0.99972934,1
1.9485464e-05,0
0.99999404,1
1.8441393e-06,0
0.9998821,1
7.178725e-05,0
0.99998426,1
0.0006124782,0
2.3927272e-05,0
0.0003528363,0
0.9995253,1
0.9998771,1
0.0002872342,0
1.3094224e-05,0
0.99999046,1
5.4637396e-05,0
7.118047e-06,0
0.9999739,1
1.7326603e-05,0
0.9999974,1
9.382711e-06,0
0.00045274876,0
0.9999609,1
1.4703267e-05,0
0.00018101066,0
0.00791581,0
0.99999356,1
0.00020734368,0
0.0018098723,0
0.00010543781,0
1.7093924e-05,0
0.0071426844,0
4.9766004e-05,0
0.9999901,1
0.0020821316,0
0.9999757,1
0.00091429654,0
3.6857942e-05,0
0.0029149542,0
0.00011498271,0
0.021594282,0
0.00024242022,0
0.00059242506,0
0.0022363407,0
0.99999475,1
0.9999573,1
6.0510152e-05,0
4.6370275e-05,0
0.99997056,1
0.000115094364,0
5.40702e-05,0
0.004345723,0
1.8723978e-05,0
3.7291502e-05,0
0.00011830844,0
0.99995613,1
0.99993443,1
0.0026703354,0
0.0002505386,0
0.000606258,0
0.99997294,1
0.00020033393,0
0.99997616,1
0.9998103,1
0.00027081126,0
0.9999988,1
6.248366e-05,0
0.99994946,1
0.00012831407,0
0.9999945,1
0.9999182,1
7.5144335e-06,0
5.1153253e-05,0
0.9999925,1
0.0002566186,0
3.4780126e-06,0
9.504697e-06,0
0.9999975,1
0.00014617835,0
9.174054e-05,0
7.1210095e-05,0
0.99957854,1
0.9999689,1
2.0066998e-05,0
3.4164816e-06,0
0.00035740258,0
0.00052014407,0
0.9997615,1
0.0001718938,0
1.2146219e-05,0
5.194595e-06,0
0.9999385,1
3.450193e-05,0
3.4646542e-05,0
0.9999893,1
0.99951434,1
0.9999727,1
0.00017782768,0
0.06135244,0
2.6455073e-05,0
0.0013050516,0
5.398863e-05,0
4.7196958e-05,0
4.230321e-05,0
0.9999881,1
0.00013440553,0
0.00014647988,0
0.00027375767,0
0.00017805556,0
0.9999738,1
0.9999536,1
0.99999106,1
0.9996455,1
4.285347e-05,0
0.9999863,1
0.9999505,1
0.0001948583,0
0.9999882,1
4.064559e-05,0
0.9999981,1
0.00010249788,0
0.010921657,0
1.4085426e-05,0
0.99994826,1
9.9033765e-05,0
0.00019415503,0
0.9999831,1
0.0011837938,0
0.9999887,1
2.5202144e-05,0
0.99997985,1
1.2789816e-05,0
1.805571e-05,0
0.0001587002,0
1.5450552e-05,0
0.9999201,1
0.999775,1
0.9999989,1
0.99868876,1
0.00081893033,0
0.013004647,0
5.2517935e-06,0
3.3964504e-06,0
0.99995077,1
0.99997115,1
0.00017393527,0
6.596692e-05,0
0.0013079167,0
0.00016621081,0
0.9999664,1
0.99999833,1
0.9999647,1
0.9999403,1
2.9995776e-05,0
9.123663e-05,0
0.99999774,1
0.00031383088,0
0.99995184,1
9.106878e-05,0
8.699602e-06,0
0.9998385,1
0.0004975034,0
2.0437496e-06,0
1.7881082e-05,0
2.6969352e-05,0
1.3196532e-05,0
0.9995321,1
0.0004386981,0
0.00032627056,0
0.9999534,1
0.00068952976,0
6.8784844e-05,0
1.3541902e-05,0
0.99995387,1
2.1034708e-05,0
2.3367129e-05,0
4.138257e-05,0
0.00029695002,0
0.0002871956,0
0.00022036061,0
0.99999833,1
0.0052616284,0
7.243302e-07,0
2.5463003e-05,0
0.9999573,1
0.00013962064,0
0.9996556,1
0.0007882948,0
0.999895,1
0.003318552,0
0.9999291,1
0.99995196,1
0.9999529,1
7.2408207e-06,0
0.00020850582,0
0.00064163987,0
0.9999279,1
0.99777263,1
0.99984527,1
1.5699967e-05,0
0.999997,1
2.5769552e-06,0
0.00018819481,0
5.273413e-05,0
0.99999285,1
2.2270977e-05,0
0.99999845,1
0.00028377486,0
4.5329947e-05,0
0.99963796,1
0.9999863,1
0.9998247,1
5.7624047e-06,0
0.9999908,1
9.38766e-06,0
0.99996316,1
1.1211123e-05,0
0.0007710114,0
0.99428,1
4.208529e-06,0
0.99998236,1
0.00010010534,0
0.0003879522,0
0.9999924,1
0.0028900385,0
8.890585e-05,0
9.752165e-06,0
0.999869,1
1.23039335e-05,0
4.799413e-06,0
4.902794e-06,0
0.0010164473,0
1.6313685e-05,0
0.99936324,1
0.0033430578,0
2.5769903e-05,0
1.5026754e-05,0
0.02246565,0
0.9999856,1
0.00050853175,0
4.7968195e-05,0
0.9998797,1
3.6118123e-05,0
0.000652735,0
0.0012117393,0
0.0005228255,0
0.00030819673,0
7.86942e-05,0
3.872276e-05,0
5.5505916e-05,0
0.0001821843,0
0.0015847741,0
0.9997689,1
1.870151e-05,0
0.007367897,0
0.00018782626,0
0.9999449,1
0.00016693475,0
0.99987805,1
8.305878e-06,0
0.00037610528,0
0.99999166,1
3.2714368e-05,0
0.0018162549,0
0.99996316,1
1.1272424e-05,0
0.00080148154,0
0.99989927,1
5.2973137e-05,0
0.9993175,1
0.9999838,1
1.8109358e-05,0
0.99993825,1
0.0001801554,0
3.057696e-05,0
0.0002488958,0
3.8978735e-05,0
0.00024100588,0
0.00055220834,0
0.9999932,1
0.0009600949,0
0.9999553,1
0.997976,1
0.99997747,1
0.9999913,1
0.9997451,1
0.99990284,1
0.9999424,1
6.316448e-06,0
8.298982e-06,0
7.5214564e-05,0
0.99999666,1
0.0004536871,0
0.0026136618,0
0.0023443778,0
0.9998863,1
7.752132e-05,0
5.6028362e-05,0
6.8021785e-05,0
0.00039424532,0
4.152017e-05,0
0.0015370512,0
0.9998888,1
4.734089e-05,0
9.119323e-05,0
1.8176943e-05,0
0.00021059933,0
0.9999324,1
0.99944216,1
0.9997849,1
0.00036398284,0
6.880415e-06,0
2.9389996e-05,0
1.1472979e-05,0
0.9997961,1
0.9999988,1
1.9294498e-06,0
0.9998435,1
0.027418023,0
0.00011254104,0
0.00024341684,0
2.8833094e-06,0
0.0022405141,0
0.008563426,0
0.00010988012,0
0.00010248977,0
0.003389669,0
0.99992716,1
5.8786472e-06,0
0.00072046544,0
0.99998677,1
0.99982256,1
1.3736108e-05,0
0.9999635,1
4.5136017e-06,0
0.99999,1
0.9994287,1
0.00018045472,0
8.818432e-06,0
0.99997866,1
0.00042571063,0
0.9999925,1
0.000121072146,0
6.2011927e-06,0
0.9980768,1
0.9999825,1
0.00032609486,0
0.0055150953,0
7.493957e-05,0
0.00059713214,0
0.99997485,1
3.474511e-05,0
2.8224871e-05,0
0.9999465,1
1.1246311e-05,0
0.999982,1
0.99969923,1
1.55203e-05,0
0.99999344,1
0.9999808,1
0.00012617861,0
1.78309e-05,0
0.9999722,1
0.0005259935,0
9.665182e-05,0
0.9999759,1
0.99989665,1
2.0510779e-05,0
0.9998223,1
3.841325e-06,0
0.999572,1
0.99996495,1
5.3037842e-05,0
0.99999774,1
6.3267864e-05,0
0.9998957,1
1.9082674e-05,0
0.9998977,1
3.9905222e-05,0
0.0001157019,0
0.9999825,1
0.9999833,1
1.0905553e-05,0
0.00043795037,0
0.99999845,1
2.4541208e-05,0
0.00015889964,0
1.4580682e-05,0
6.968791e-05,0
8.921998e-06,0
0.9999945,1
0.0014010653,0
0.00015494766,0
0.03993267,0
0.00018239686,0
5.497148e-06,0
0.99997926,1
2.4229803e-05,0
0.99994445,1
0.99997365,1
0.0017467212,0
0.0011045471,0
0.9999429,1
7.3115507e-06,0
3.15283e-05,0
0.9999696,1
0.9999273,1
1.3999079e-05,0
0.99998987,1
2.9639685e-05,0
0.00083221146,0
0.029940354,0
2.5628198e-05,0
2.1132826e-05,0
5.0762133e-06,0
0.000253167,0
0.99996936,1
0.00025295443,0
6.006174e-05,0
0.99996364,1
0.000617318,0
8.7246044e-05,0
3.8500575e-06,0
7.660188e-05,0
0.99996567,1
0.99996173,1
0.0002169001,0
0.0007620582,0
1.3044706e-05,0
6.9703136e-05,0
0.0002211944,0
0.99999154,1
0.99998856,1
0.999984,1
0.9999889,1
4.165278e-06,0
1.579164e-05,0
0.0026838111,0
0.00033620067,0
0.0122725535,0
0.99972636,1
0.99932754,1
3.8372827e-06,0
5.7492547e-05,0
3.0978328e-05,0
0.99997604,1
0.0021145954,0
0.99999404,1
0.00016373536,0
0.99999917,1
0.9999988,1
4.107824e-05,0
0.99992764,1
9.243065e-05,0
0.9999796,1
0.00061514816,0
5.2542982e-06,0
0.99998736,1
7.756996e-06,0
1.21927105e-05,0
5.814028e-06,0
0.9999809,1
0.00022513582,0
0.0018976877,0
4.3101845e-06,0
0.0014115941,0
0.00029100612,0
0.999946,1
4.7791356e-05,0
0.99999607,1
0.0002796809,0
5.6151994e-06,0
3.4831264e-05,0
0.9993591,1
2.509432e-06,0
2.5732403e-05,0
0.0016471235,0
0.9999676,1
0.9999739,1
0.00096908095,0
0.9999924,1
5.207319e-05,0
0.99980074,1
0.999961,1
0.0007991677,0
0.9999398,1
3.672353e-05,0
0.99994767,1
0.99995434,1
0.9938501,1
7.209563e-05,0
0.9999162,1
0.99923337,1
0.00042896692,0
0.99996257,1
1.20374425e-05,0
3.463511e-05,0
5.773616e-05,0
0.000435152,0
0.99999154,1
0.99998915,1
2.2373177e-05,0
4.8008505e-06,0
0.9999908,1
5.0197406e-05,0
5.3136457e-05,0
0.00010313909,0
0.9999753,1
3.4428176e-05,0
2.8759234e-05,0
0.00021364764,0
4.4649423e-05,0
3.009463e-05,0
0.0012209313,0
0.9999604,1
0.9998191,1
0.99995935,1
0.9992618,1
0.0009089434,0
0.0006540567,0
0.99995506,1
0.00018003795,0
0.9997559,1
0.9999051,1
0.99990773,1
0.0002511614,0
7.1936236e-05,0
0.99999547,1
0.00039954187,0
0.00014083943,0
0.00089972117,0
0.00022485224,0
1.3902993e-05,0
0.9999734,1
0.0004579179,0
3.9132983e-06,0
1.2878822e-05,0
0.99999523,1
0.00036351295,0
0.9998423,1
0.99998426,1
0.0006144749,0
1.566055e-05,0
0.9999882,1
0.00014549877,0
6.354194e-05,0
0.0014636096,0
0.0014745402,0
0.99999535,1
0.9999492,1
4.5841392e-05,0
0.9999981,1
0.99983644,1
0.00021062342,0
6.6112705e-05,0
4.485868e-05,0
0.9999926,1
7.864765e-06,0
3.6897116e-05,0
0.0005985521,0
0.9999907,1
0.9996842,1
2.729207e-06,0
0.9999944,1
0.9999933,1
0.9998596,1
2.1259933e-05,0
0.9999343,1
0.00014859629,0
0.00044599042,0
5.497368e-06,0
2.6276482e-06,0
0.0030384243,0
0.004134997,0
0.99999344,1
0.9999925,1
0.99998915,1
0.9999701,1
0.9999826,1
7.024543e-05,0
0.00039816526,0
0.061433934,0
0.9989083,1
1.6908187e-05,0
1.086023e-05,0
0.9999994,1
0.9999963,1
0.00012353102,0
0.00016595442,0
0.0033949648,0
0.999985,1
0.00034606535,0
0.0015177268,0
0.9999964,1
6.591698e-05,0
0.00026245494,0
0.9999813,1
9.521378e-05,0
9.881282e-06,0
0.00021692346,0
0.0007089312,0
8.218042e-05,0
0.9998324,1
0.00563235,0
2.1575537e-05,0
0.0012795287,0
0.00019190209,0
2.9683186e-05,0
8.6038875e-05,0
9.256119e-05,0
0.00015572007,0
6.483405e-05,0
0.99996233,1
0.9999819,1
0.9999813,1
0.9995321,1
1.1942321e-05,0
4.688317e-05,0
8.556516e-06,0
0.9999659,1
0.9999727,1
0.0002905639,0
0.00038386718,0
0.9999851,1
1.0650683e-05,0
0.00034935665,0
1.2060769e-05,0
0.9999906,1
4.1028994e-05,0
4.034715e-05,0
4.5064444e-05,0
0.99907506,1
0.9999244,1
0.00044644726,0
8.289208e-05,0
0.9999372,1
0.9998989,1
9.863886e-05,0
1.3103482e-05,0
0.9999757,1
0.0011088807,0
3.3236218e-05,0
7.623594e-06,0
0.00032992713,0
0.9999521,1
3.904708e-05,0
0.000684113,0
2.8343234e-06,0
6.896899e-06,0
0.0028294069,0
0.00023757841,0
0.9999982,1
2.2550736e-05,0
1.2295172e-05,0
7.577834e-06,0
0.0005285869,0
2.593793e-06,0
0.99234253,1
2.0885533e-05,0
3.090577e-05,0
2.8729273e-05,0
0.9999695,1
1.651691e-05,0
0.9999968,1
1.7260354e-05,0
2.374189e-05,0
0.9999982,1
2.2495511e-05,0
0.999889,1
3.8166712e-05,0
0.9999641,1
0.0008501306,0
0.99998474,1
0.00017639865,0
0.0016222224,0
4.809815e-05,0
2.0520167e-06,0
0.99970156,1
1.2244541e-05,0
0.9998722,1
1.6682527e-05,0
0.99989045,1
0.99967587,1
0.00012308668,0
5.7807174e-06,0
0.999877,1
0.9999932,1
0.9997296,1
5.4744054e-05,0
0.99992,1
0.00022497425,0
3.5516838e-05,0
0.9995622,1
0.00021479269,0
7.796139e-06,0
0.9999974,1
1.3978933e-05,0
7.635264e-06,0
0.9999931,1
0.9998826,1
6.091572e-05,0
0.00015668267,0
0.00086447725,0
3.0739433e-05,0
0.9998429,1
0.99987805,1
0.00037230176,0
0.99998975,1
9.1462854e-05,0
0.9999962,1
1.806117e-05,0
7.2572743e-06,0
0.00033378563,0
1.7890567e-05,0
0.010981726,0
0.99998486,1
6.7368695e-05,0
9.7602344e-05,0
0.00041315457,0
0.99994063,1
0.99961936,1
0.00053092587,0
0.99995005,1
0.0006025321,0
0.99997926,1
0.0004973007,0
3.7916758e-05,0
9.8421015e-06,0
0.0047376323,0
0.060337376,0
0.00014601676,0
0.00026459835,0
0.99998593,1
4.191334e-06,0
0.9992387,1
4.5044424e-05,0
9.8481716e-05,0
0.9999949,1
7.074983e-05,0
1.729197e-05,0
5.2953994e-05,0
0.9999962,1
0.00061551674,0
0.99991405,1
0.99998295,1
4.447761e-05,0
6.7382316e-05,0
0.9999243,1
0.0001833414,0
0.00019465401,0
3.4496697e-05,0
0.9999169,1
5.92678e-05,0
9.334644e-05,0
3.0631363e-05,0
0.9999584,1
1.7681987e-05,0
2.3988827e-05,0
1.7953498e-05,0
1.1378671e-05,0
4.564644e-05,0
0.00025226295,0
0.0017381882,0
0.9999958,1
0.0008988266,0
0.00026429782,0
0.0015697769,0
0.9999763,1
6.800363e-05,0
0.99996805,1
0.00020332227,0
8.0471385e-05,0
0.9998841,1
0.99999774,1
0.9999527,1
1.3758211e-05,0
0.00012256151,0
6.8747206e-05,0
0.0027910753,0
0.0137544945,0
1.3617624e-05,0
0.999995,1
0.9997881,1
0.00018994603,0
0.0010398256,0
6.836847e-06,0
0.99920136,1
0.0013570014,0
0.9999542,1
3.21599e-05,0
2.3414073e-06,0
8.529451e-05,0
0.9854395,0
0.9999994,1
0.9999913,1
0.99959666,1
0.9999869,1
0.99999,1
1.9941872e-05,0
2.7138215e-06,0
6.397948e-05,0
0.003033483,0
0.00032575277,0
8.3224603e-07,0
0.99995303,1
0.9996562,1
1.7262988e-05,0
1.840494e-05,0
0.00015884101,0
0.00016326002,0
0.9999864,1
0.9993032,1
0.0018645107,0
0.00034668282,0
1.4854352e-05,0
0.00018748146,0
0.9999795,1
1.4166849e-05,0
7.895028e-05,0
0.0003047202,0
0.0009110881,0
0.9999682,1
0.00039712034,0
1.6226453e-05,0
0.00037822302,0
0.9999943,1
0.0009575425,0
0.9999982,1
0.0003724514,0
1.2125595e-05,0
0.99934345,1
0.9999671,1
0.9999788,1
0.9999242,1
1.5941758e-05,0
5.1187602e-05,0
0.9999776,1
0.0011294064,0
1.18448e-05,0
5.9005806e-06,0
0.98049873,1
0.99998784,1
2.386579e-05,0
0.99998856,1
0.00094181165,0
0.99999106,1
8.691343e-06,0
0.9949575,1
0.9999001,1
0.9999474,1
0.0005187043,0
0.9999901,1
2.524391e-06,0
6.4553806e-06,0
8.5560505e-06,0
7.5407797e-06,0
0.0003430304,0
0.999972,1
0.9999615,1
0.9999075,1
2.041915e-05,0
0.99998236,1
0.999821,1
0.9999974,1
0.00371584,0
0.017763827,1
0.99999046,1
0.9998173,1
0.9999938,1
0.99998236,1
2.7462655e-05,0
0.00025468325,0
1.5229103e-05,0
0.9999559,1
0.00029128703,0
0.9999981,1
0.04573023,0
1.2005709e-05,0
4.8290534e-05,0
9.238444e-06,0
0.9999721,1
0.9999391,1
0.0001399045,0
3.7214733e-05,0
4.8354497e-05,0
0.0007747488,0
3.0706922e-06,0
0.5128402,1
0.99991894,1
0.99999654,1
0.99996686,1
1.9645406e-05,0
0.9999918,1
0.0032093818,0
0.99993,1
0.99994934,1
1.8205776e-05,0
0.022500336,0
4.2438633e-06,0
1.7180952e-05,0
0.00049980317,0
0.00011012443,0
6.3066844e-05,0
6.19738e-05,0
9.300217e-06,0
0.99993074,1
8.2836916e-05,0
0.99995303,1
6.2630475e-05,0
5.653705e-06,0
3.336461e-05,0
1.6143305e-05,0
5.4768647e-05,0
8.7274835e-05,0
0.99999523,1
0.00040596293,0
0.99997497,1
2.9634284e-05,0
7.589028e-05,0
0.9999883,1
0.00024483644,0
1.3421165e-05,0
0.0012885727,1
0.00080783415,0
0.9999422,1
0.9999672,1
0.99991417,1
0.9999993,1
0.99997604,1
0.9999964,1
0.99998415,1
3.2616805e-05,0
0.00097192934,0
1.7636954e-05,0
0.9999821,1
1.4429972e-05,0
0.0002239694,0
0.00016005106,0
0.00090607745,0
8.878216e-05,0
0.0005244421,0
0.99998,1
0.99998784,1
0.00018183685,0
2.4256875e-05,0
4.726781e-06,0
0.99997914,1
0.9999664,1
5.67349e-06,0
0.999985,1
0.0063760835,0
0.0002557793,0
0.9999782,1
0.99999607,1
0.00018430225,0
0.0006897946,0
0.99972135,1
0.0014968714,0
0.9999186,1
7.430214e-05,0
0.99998975,1
0.004842626,0
0.001657848,0
2.6734459e-05,0
0.9999387,1
0.00036497242,0
0.00038686584,0
1.1525299e-05,0
0.9998988,1
3.0262818e-06,0
5.8755536e-06,0
4.9079175e-05,0
6.0155926e-06,0
5.747873e-05,0
3.3050483e-06,0
3.8430153e-05,0
0.0001271218,0
3.596416e-06,0
0.9999291,1
0.99997044,1
0.9999987,1
0.99858874,1
0.00014500653,0
0.9998578,1
0.00013510326,0
0.99990916,1
0.9997136,1
3.1820844e-05,0
8.0206395e-05,0
0.9999232,1
0.0005743155,0
0.0003563805,0
0.00011011445,0
0.00025279916,0
0.9999982,1
2.2643915e-05,0
2.2460848e-05,0
0.9999926,1
1.595003e-05,0
2.5447287e-06,0
0.0001755394,0
1.5587584e-05,0
4.2918375e-05,0
0.0006463372,0
0.9999783,1
3.329916e-05,0
2.9620329e-05,0
2.0073812e-05,0
0.00015721784,0
0.99999,1
0.00011192043,0
0.016821168,0
3.4036325e-06,0
0.0004731809,0
0.99999166,1
0.99996424,1
2.121226e-05,0
3.0169684e-05,0
9.3839e-05,0
1.5143771e-05,0
0.99924135,1
2.9692785e-05,0
4.4380686e-06,0
0.0002565939,0
0.0005585579,0
0.99999905,1
0.0025681648,0
0.00022218362,0
0.008555398,0
2.930142e-05,0
1.0691788e-05,0
0.9999943,1
0.9999629,1
0.99999774,1
0.9999734,1
0.0010682833,0
4.966715e-05,0
0.0001483256,0
0.99990463,1
2.7408627e-05,0
0.0005104279,0
0.99999726,1
7.0597314e-05,0
6.2033814e-06,0
0.99996984,1
0.99987614,1
4.801909e-05,0
0.9999691,1
0.00011431396,0
2.075251e-05,0
3.4506207e-05,0
6.755152e-05,0
5.507611e-06,0
0.00010639213,0
9.142865e-06,0
0.99999595,1
0.000978173,0
0.0001550072,0
5.996845e-05,0
0.07753767,0
0.999961,1
0.00017766144,0
0.9999304,1
0.98519105,1
0.0007989332,0
3.1899767e-06,0
4.2087893e-05,0
0.0010702009,0
4.6067347e-05,0
0.9999509,1
0.0022401412,0
0.00090503984,0
0.9999783,1
4.5188855e-05,0
9.014782e-05,0
0.9999771,1
0.9999976,1
0.9999349,1
4.113214e-05,0
0.0003324898,0
0.9999989,1
2.2015127e-05,0
5.367175e-05,0
2.0904583e-05,0
9.441179e-06,0
0.00010443467,0
0.9999746,1
1.8791188e-06,0
0.9999374,1
0.013518623,0
1.2182715e-05,0
0.00079865614,0
0.9999776,1
2.9993604e-05,0
3.633882e-05,0
1.9236137e-05,0
8.067269e-05,0
0.0011338736,0
5.7887435e-05,0
0.9999926,1
0.9999901,1
0.9998286,1
0.9999045,1
0.9999745,1
0.999997,1
0.9999647,1
3.37899e-05,0
2.689492e-05,0
0.99998,1
0.99984634,1
0.999931,1
0.0003559072,0
0.0006615442,0
1.926494e-05,0
0.9999845,1
0.00041705824,0
0.9999211,1
0.99997246,1
0.00076654804,0
8.369262e-05,0
0.00024668637,0
0.99998724,1
0.9999943,1
9.3752955e-05,0
0.99997807,1
1.4371823e-05,0
0.002989689,0
5.088532e-05,0
0.99996805,1
0.9998149,1
0.9999571,1
5.0643425e-06,0
1.8854855e-05,0
0.00026128645,0
1.5772917e-05,0
0.999997,1
7.012128e-05,0
1.9805488e-05,0
2.7184757e-05,0
1.8144468e-05,0
0.0002292858,0
3.109987e-05,0
0.99992406,1
0.00031175924,0
0.00024214647,0
6.302783e-05,0
6.740256e-05,0
1.5728185e-05,0
1.933586e-05,0
0.00051812717,0
0.00021015623,0
4.3029927e-06,0
4.0824207e-06,0
0.999985,1
0.0002553429,0
0.00019611084,0
8.593577e-06,0
3.880083e-05,0
0.9999032,1
0.99997926,1
0.00022105081,0
0.9996934,1
5.814411e-06,0
5.5749246e-05,0
0.0015814865,0
0.00022646203,0
0.0031988581,0
0.9998474,1
0.99997866,1
7.58976e-06,0
0.9999957,1
1.4303348e-05,0
7.407822e-05,0
0.0009996379,0
0.9999436,1
0.99999404,1
0.999997,1
0.9998549,1
4.5819397e-06,0
0.00011171837,0
0.9999926,1
0.99995995,1
0.00011933144,0
0.9999528,1
0.004111788,0
0.9999511,1
1.4218227e-05,0
2.7162966e-06,0
0.00010892173,0
0.99995434,1
0.0033011073,0
1.287806e-05,0
1.5855525e-06,0
0.99992335,1
1.406658e-05,0
7.542285e-05,0
0.3458522,0
2.99643e-05,0
0.99999344,1
0.99999785,1
0.99750656,1
0.9999957,1
3.9501872e-05,0
1.6215501e-05,0
0.99999666,1
6.129007e-07,0
0.0115356995,0
3.9689614e-05,0
0.9999685,1
0.9999968,1
0.0010449288,0
0.99987626,1
4.638624e-05,0
0.99997497,1
3.7734167e-06,0
0.00020728356,0
2.451113e-05,0
0.9996288,1
0.9999975,1
7.5660637e-06,0
2.4426192e-05,0
1.5230265e-05,0
6.0455994e-05,0
0.0006559479,0
0.0005219484,0
0.0002527213,0
0.0006883377,0
0.999966,1
0.0002073846,0
1.7821974e-05,0
3.356592e-05,0
0.99996245,1
0.99997675,1
0.00036002172,0
7.8915655e-05,0
0.99988484,1
0.99988675,1
0.00011010658,0
4.979349e-05,0
5.9929745e-05,0
2.2061638e-05,0
0.99985945,1
0.99990726,1
0.00026959172,0
0.0005413368,0
3.2288877e-05,0
0.9998977,1
0.99999154,1
0.9999771,1
0.00014339844,0
0.99997437,1
0.99999714,1
0.00022175316,0
9.581409e-05,0
0.0010359712,0
0.9991967,1
5.932975e-06,0
0.0012633121,0
0.9995152,1
0.9999857,1
1.4649186e-05,0
0.0007751417,0
0.00016471106,0
0.0001143795,0
0.00031019503,0
2.9497573e-06,0
1.7256321e-05,0
0.9999957,1
1.9376894e-05,0
5.032197e-05,0
5.7566776e-05,0
3.4207435e-05,0
0.99998736,1
0.00024103852,0
0.9999931,1
0.9999145,1
0.99998534,1
3.8959486e-05,0
0.0008278677,0
1.7609274e-05,0
0.99998236,1
0.002054514,0
1.0011907e-05,0
0.9999534,1
0.9999083,1
0.9999751,1
2.2121076e-06,0
0.9999734,1
0.99994063,1
5.1239815e-05,0
4.182785e-05,0
0.9993457,1
0.0003281313,0
0.99978465,1
0.9999796,1
0.9999969,1
0.00028130336,0
0.000103424405,0
0.9999994,1
2.0315894e-05,0
6.298409e-05,0
1.264379e-05,0
0.00018125867,0
0.9999974,1
4.1733063e-05,0
0.0007372265,0
0.9999988,1
0.9999429,1
1.276211e-05,0
0.0035907712,0
0.00036929606,0
1.3745686e-05,0
0.999998,1
5.2750478e-05,0
4.2758024e-06,0
0.9994923,1
5.248799e-05,0
0.9999993,1
0.9999968,1
0.99998796,1
4.368985e-05,0
0.99998856,1
0.0016783448,0
4.138624e-05,0
1.5418642e-05,0
0.9980242,1
0.9996039,1
0.0153307095,0
5.31092e-05,0
4.70091e-06,0
2.033915e-06,0
0.9999194,1
0.0001863048,0
0.0010035612,0
4.1482454e-05,0
0.9999883,1
4.060751e-05,0
0.9999769,1
0.9999926,1
5.399347e-05,0
1.1808325e-05,0
0.000132446,0
5.607406e-05,0
0.00073927804,0
0.99995637,1
9.509583e-06,0
0.0012423074,0
0.0013164826,0
0.9998927,1
0.9999448,1
0.9999708,1
0.00017093748,0
9.2876035e-05,0
0.9999306,1
6.1469996e-06,0
0.99995935,1
0.9999926,1
3.494652e-05,0
1.595404e-06,0
8.9583955e-06,0
7.6837305e-06,0
0.0010430352,0
7.787281e-05,0
2.7179132e-05,0
0.0002536802,0
6.7958645e-05,0
0.99700874,1
1.9327083e-05,0
6.4691885e-05,0
0.00084460416,0
0.9993767,1
0.00058991177,0
0.0013001387,0
6.781816e-05,0
0.99900645,1
0.99977773,1
0.00041243818,0
8.436031e-05,0
7.501309e-06,0
0.99961877,1
3.049932e-05,0
1.36766985e-05,0
9.860896e-05,0
0.9999653,1
1.1152973e-05,0
0.99993896,1
0.99997354,1
0.0002679811,0
0.9999745,1
0.9999882,1
0.00020592315,0
0.00061780214,0
0.00010709998,0
0.99999595,1
0.00024548415,0
9.899863e-06,0
3.082609e-05,0
0.99998593,1
0.0009605222,0
0.9970329,1
3.5199837e-06,0
5.4467808e-05,0
0.00018109387,0
0.00011580931,0
7.1890654e-06,0
0.0025724813,0
0.99936825,1
0.00017209421,0
3.2822776e-05,0
0.99998784,1
3.0433717e-05,0
1.9877125e-05,0
0.99997795,1
0.0005777403,0
0.00023182276,0
0.9999645,1
0.99983454,1
0.000113624854,0
0.9999945,1
9.231086e-05,0
0.9999951,1
0.0004531015,0
0.99998033,1
0.9993457,1
0.00010175308,0
6.396306e-06,0
0.00035431574,0
0.99997437,1
0.99997854,1
5.3157182e-05,0
0.99998057,1
0.0068537835,0
1.0761759e-05,0
0.99997604,1
0.004180485,0
6.978755e-06,0
0.9998247,1
0.99998033,1
0.0001191452,0
5.189379e-05,0
0.00048152672,0
0.0012309983,0
4.197194e-06,0
7.209851e-05,0
0.99969065,1
4.957484e-06,0
0.99927586,1
3.86125e-06,0
0.99991333,1
0.9999336,1
7.511009e-06,0
4.1377203e-05,0
3.7020206e-06,0
0.00019488839,0
7.27183e-06,0
7.0710926e-06,0
0.007001746,0
2.6477976e-06,0
0.9999708,1
0.00018727135,0
0.00056855264,0
3.6530093e-06,0
0.00037911523,0
0.99995184,1
0.00080885366,0
0.9999871,1
3.4814962e-05,0
0.9999641,1
0.9999963,1
0.0018272455,0
0.9999763,1
0.9999956,1
9.448901e-05,0
0.9999875,1
0.9999875,1
1.1414352e-05,0
0.99994767,1
0.9998609,1
0.13356839,0
0.00067808287,0
3.7954236e-05,0
1.9139172e-05,0
0.99995315,1
0.00063163287,0
4.8264614e-05,0
0.99818605,1
1.4436579e-05,0
0.99998593,1
0.9998704,1
7.689925e-05,0
1.07212445e-05,0
5.5050064e-06,0
0.99996245,1
0.99995303,1
0.0012863587,0
0.9999721,1
4.8314855e-06,0
9.223461e-06,0
0.99998593,1
9.703385e-06,0
0.9999851,1
6.0920833e-05,0
0.9999993,1
3.4734243e-05,0
1.7768789e-05,0
0.999997,1
2.7031044e-06,0
0.00016090213,0
4.4481512e-05,0
2.644154e-06,0
0.999913,1
6.21702e-05,0
0.00024381612,0
0.99916065,1
0.9999547,1
0.9999957,1
0.999995,1
3.2968887e-06,0
0.999987,1
0.9996815,1
0.00021881986,0
0.9999362,1
0.00021849545,0
0.9994735,1
0.999985,1
0.99994826,1
0.00013165463,0
8.91147e-06,0
0.00012904427,0
9.495836e-06,0
0.9999757,1
0.0009630559,0
0.99996316,1
4.3853688e-05,0
0.9999676,1
0.00014709897,0
3.2429285e-05,0
0.00078614487,0
1.8707113e-05,0
0.9999933,1
0.99994695,1
1.5145316e-05,0
1.0213881e-05,0
3.578969e-05,0
0.9999348,1
3.474859e-05,0
1.4634497e-05,0
1.3327419e-05,0
0.9960288,1
7.318551e-05,0
0.9999982,1
5.008007e-05,0
0.9999856,1
9.612386e-05,0
1.1131051e-05,0
0.00017310602,0
9.063535e-06,0
6.6509515e-06,0
2.2221757e-05,0
6.681018e-05,0
2.0949925e-05,0
0.99998796,1
7.585527e-05,0
0.00028343688,0
5.1578772e-05,0
0.99234504,1
2.907612e-05,0
5.7439206e-06,0
9.479099e-05,0
0.9999949,1
6.038461e-05,0
2.4900342e-05,0
3.3131313e-05,0
0.0022636165,0
0.9998258,1
5.963296e-05,0
0.99998057,1
0.99998295,1
5.0043356e-05,0
0.0005961748,0
0.9999713,1
0.9999746,1
1.674496e-05,0
1.8627483e-05,0
0.99996984,1
6.487745e-06,0
6.9114562e-06,0
2.0977954e-05,0
0.9999647,1
0.000162407,0
2.289578e-05,0
0.00030865308,0
0.0046829493,0
0.9999323,1
0.9998827,1
0.99998474,1
0.99783796,1
0.00021284797,0
0.9999813,1
0.99997616,1
3.435484e-06,0
2.2811524e-05,0
0.0011411058,0
8.699822e-05,0
0.0001223532,0
0.99998426,1
0.0012177414,0
1.5265307e-06,0
0.9999949,1
0.9999372,1
4.6444493e-05,0
0.0006577248,0
9.2256734e-05,0
0.00046274846,0
0.9999429,1
0.000596999,0
0.99998593,1
4.560276e-05,0
0.0005486837,0
1.7024538e-05,0
0.9995908,1
0.9999937,1
0.9998846,1
5.6607085e-05,0
0.9999391,1
8.449855e-05,0
0.9999062,1
0.039667495,0
3.2495722e-05,0
0.99997234,1
3.4866196e-05,0
1.1775601e-05,0
0.99987376,1
0.02422095,1
0.99998665,1
1.0996443e-05,0
7.365804e-05,0
0.00013391058,0
0.9934441,1
0.0010152464,0
0.99996734,1
0.9999752,1
2.0082467e-05,0
0.99997795,1
0.9999882,1
0.00016145587,0
0.99991906,1
7.373457e-05,0
0.9999504,1
0.9999856,1
1.6371256e-05,0
5.2739917e-05,0
0.99998796,1
0.9526038,1
0.99986863,1
0.9998579,1
2.3167098e-05,0
0.013996228,0
0.999987,1
0.999997,1
7.07721e-05,0
1.6175498e-05,0
0.99989116,1
0.00014784664,0
5.2387626e-05,0
0.9999839,1
0.9999894,1
0.99998474,1
0.9999243,1
3.06517e-05,0
0.0031989478,0
7.534945e-05,0
0.9999889,1
0.00013339125,0
6.2922314e-05,0
0.00044144478,0
1.1279113e-05,0
0.9999919,1
1.8938437e-05,0
0.9999763,1
3.881116e-06,0
0.9998822,1
0.9999926,1
0.99998415,1
2.1486238e-05,0
2.4729366e-05,0
0.9999931,1
0.99999666,1
1.8757273e-05,0
6.2222985e-05,0
0.99998474,1
1.8448996e-05,0
0.03417134,0
1.2296216e-05,0
0.0005186937,0
0.99998105,1
0.00022979903,0
0.998104,1
0.9999325,1
0.00055559457,0
8.790201e-05,0
0.00010638463,0
0.9999796,1
0.999995,1
1.9542576e-05,0
0.99999535,1
0.0038963805,0
0.9999765,1
0.9999939,1
0.00013898066,0
0.99999094,1
0.9999851,1
0.9999113,1
1.2422911e-05,0
2.3692379e-05,0
0.0002370763,0
0.00016553894,0
5.779488e-05,0
0.00013867288,0
0.0008301206,0
1.9894062e-05,0
1.1562586e-05,0
1.6110855e-05,0
0.00054622936,0
1.7257475e-05,0
0.999899,1
0.99999833,1
7.996728e-05,0
0.00026455574,0
0.9999417,1
3.2521388e-05,0
0.0012514556,0
0.999928,1
3.921845e-05,0
0.0010464655,0
4.131311e-06,0
2.8989929e-05,0
0.9999982,1
0.9996698,1
0.99998045,1
1.6696884e-05,0
8.737959e-05,0
0.99998915,1
2.237209e-05,0
0.99993813,1
3.8423408e-05,0
0.001419674,0
4.839261e-06,0
0.9999925,1
0.99995685,1
0.00080893683,0
4.6954447e-05,0
5.5456967e-06,0
0.010711853,0
0.9999821,1
0.001579379,0
9.0188405e-05,0
0.0006222652,0
6.412179e-05,0
0.9999902,1
2.444917e-05,0
0.000102199614,0
2.3895715e-05,0
0.99999654,1
0.00023575181,0
0.9999969,1
0.9999428,1
2.4362567e-05,0
1.1136339e-05,0
0.0027592527,0
1.527023e-05,0
1.8812361e-05,0
0.99321425,1
0.9218478,1
0.99983394,1
3.9981216e-05,0
0.99986947,1
6.1079576e-05,0
5.5683204e-06,0
0.99994934,1
0.9999968,1
1.5239781e-05,0
0.99994683,1
0.99996436,1
0.9999136,1
0.00039438123,0
9.004404e-05,0
0.00026854608,0
4.693542e-05,0
0.9999943,1
0.9999795,1
0.99999213,1
0.99695337,1
0.99997926,1
0.0017747738,0
7.9219e-06,0
0.00019041932,0
4.6968275e-06,0
4.412317e-06,0
0.999987,1
0.999941,1
5.5620258e-05,0
0.0019206611,0
3.0598403e-05,0
0.99999917,1
1.3812631e-06,0
1.3401904e-05,0
5.7553872e-05,0
0.9997551,1
6.8257523e-06,0
2.701842e-05,0
9.542287e-06,0
1.82155e-05,0
8.790288e-06,0
5.0777948e-05,0
0.9999906,1
4.3949058e-05,0
0.00083751837,0
0.9937844,1
0.9999666,1
0.99995124,1
0.99996185,1
0.00014526074,0
0.00015186249,0
3.827135e-05,0
0.000114548675,0
0.94516313,1
0.99998856,1
0.9999683,1
0.9938216,1
1.748184e-05,0
0.00016595442,0
0.00025454685,0
0.00039220252,0
1.4475207e-05,0
1.6023027e-05,0
0.0004472487,0
0.9999871,1
1.144568e-05,0
7.890933e-06,0
2.8513672e-05,0
0.9998629,1
0.00028281574,0
8.843833e-05,0
0.0007414236,0
1.8395447e-05,0
5.597757e-05,0
0.0018304853,0
0.99996936,1
9.28632e-06,0
8.2234124e-05,0
0.0006832676,0
4.79084e-05,0
1.4516888e-05,0
0.001049619,0
0.012819748,0
0.9999989,1
0.9999255,1
0.00013722085,0
0.00011164989,0
0.9999945,1
4.3056687e-05,0
0.0018121714,0
4.5738732e-05,0
0.0022865671,0
0.9998022,1
4.8843995e-05,0
1.6422655e-05,0
5.0335027e-05,0
0.9999784,1
8.587154e-06,0
2.073435e-06,0
0.99968874,1
0.99737144,1
0.9999949,1
2.2215017e-05,0
0.99996936,1
2.8580753e-05,0
0.0005772213,0
5.0613962e-05,0
0.9999397,1
0.9995633,1
0.9999981,1
2.3739105e-05,0
0.0021164485,0
0.999941,1
0.00012719091,0
0.00016550814,0
1.935571e-05,0
0.00066140963,0
0.0001017558,0
8.492836e-06,0
0.0002721536,0
1.4275236e-05,0
8.803043e-05,0
1.2110063e-05,0
0.9999877,1
7.410867e-05,0
4.9963488e-05,0
0.0030850968,0
0.9999442,1
0.00042913418,0
0.9999982,1
0.9999877,1
0.96058047,1
0.00023007987,0
3.100679e-05,0
2.1019093e-06,0
0.9998549,1
0.9999845,1
5.2819705e-06,0
0.99808383,1
0.9999521,1
5.964115e-05,0
0.9999819,1
6.98253e-06,0
0.9998852,1
1.4701051e-05,0
0.00019018725,0
0.9999666,1
8.980284e-06,0
0.0022271676,0
0.0022696154,0
0.999954,1
0.99996126,1
0.99998355,1
0.99999774,1
0.99999404,1
0.00016819619,0
1.5706017e-05,0
0.9998066,1
0.9999069,1
0.9992879,1
0.00020048488,0
0.00013653524,0
0.9998934,1
0.000315042,0
5.5833145e-05,0
0.00013927957,0
0.9999925,1
0.9999584,1
1.4598788e-06,0
0.99997926,1
0.9999802,1
0.9999857,1
0.9998375,1
0.9999821,1
2.2074519e-05,0
0.99999976,1
1.0273688e-05,0
0.0001037482,0
0.9999083,1
2.4016661e-05,0
0.00011481813,0
0.0033914088,0
9.128963e-05,0
0.00038149516,0
6.538821e-05,0
0.99998105,1
0.0031430644,0
0.00011645025,0
6.612587e-06,0
4.3473523e-05,0
0.0005581348,0
0.9998903,1
0.9999907,1
0.00046450875,0
3.8330887e-05,0
0.99999714,1
0.9999727,1
0.0032174017,0
1.2979656e-05,0
3.211402e-05,0
0.9999211,1
0.0001551286,0
3.1648142e-06,0
0.99979144,1
0.99999833,1
0.99997973,1
0.9998647,1
0.0001710397,0
0.00017568943,0
0.99998975,1
0.000502056,0
1.8025827e-05,0
0.9999683,1
2.8008379e-05,0
0.9999336,1
0.9999703,1
8.6171975e-05,0
0.0010469446,0
0.99999106,1
1.9871439e-05,0
0.9999982,1
0.9999825,1
0.00013046552,0
2.8027216e-06,0
0.9999827,1
5.058425e-06,0
4.837309e-06,0
3.1626892e-05,0
0.9999385,1
0.00017722085,0
8.876221e-06,0
0.99996066,1
9.651887e-06,0
0.9999969,1
0.9999658,1
8.482589e-06,0
5.825567e-06,0
4.0466333e-05,0
0.0026136618,0
0.9999548,1
0.00034067786,0
0.9999932,1
0.0108893,0
9.716469e-05,0
0.9999536,1
0.99911946,1
0.99998343,1
0.9999503,1
0.9999652,1
0.0077300356,0
3.702196e-05,0
2.8000877e-05,0
0.99999154,1
1.1453563e-05,0
6.255884e-05,0
0.99999833,1
0.9999616,1
0.9999391,1
8.375677e-06,0
4.555477e-05,0
1.0429912e-05,0
4.5779052e-05,0
0.013507836,0
2.8940674e-06,0
0.99999106,1
3.2108448e-05,0
2.4231373e-05,0
0.00034151736,0
1.2377006e-05,0
0.9999894,1
8.526832e-06,0
0.00025541228,0
1.1173722e-05,0
3.25522e-05,0
0.00010028505,0
0.99998593,1
0.99997544,1
9.047456e-05,0
0.9999901,1
0.9997917,1
0.00024465512,0
0.999884,1
0.9999962,1
8.857151e-05,0
2.5316203e-05,0
2.3067409e-05,0
7.7826044e-05,0
5.54177e-05,0
0.9999974,1
0.99998605,1
7.772414e-05,0
0.0040490716,0
2.6422908e-06,0
0.99997854,1
0.0022498877,0
2.9741843e-05,0
0.00011194658,0
0.00041751453,0
0.99999154,1
0.9999584,1
0.9999951,1
2.267949e-05,0
0.0001651355,0
0.0010418355,0
0.00016579025,0
8.8889175e-07,0
2.5392004e-05,0
0.0002291099,0
0.00018319112,0
4.469522e-05,0
1.6960334e-05,0
1.3968965e-05,0
0.999998,1
0.99998343,1
3.7784575e-05,0
0.9999975,1
0.0001725793,0
0.0013554423,0
6.976884e-05,0
1.2389665e-05,0
1.3821782e-05,0
0.9999161,1
0.99998367,1
0.9999018,1
0.00021330774,0
0.002438496,0
0.0006165198,0
0.9999863,1
0.9998777,1
0.017745225,0
1.6829987e-05,0
0.99997413,1
0.0011837938,0
0.9999459,1
0.99925035,1
0.9998579,1
0.0001531398,0
0.999997,1
4.4175333e-05,0
0.9999981,1
5.1935327e-05,0
0.0006551538,0
5.7026176e-05,0
0.9998634,1
0.9999893,1
5.078528e-06,0
0.0019815613,0
7.092925e-05,0
6.2872577e-06,0
0.99981636,1
1.5951673e-05,0
1.3721443e-05,0
0.99588364,1
0.99999464,1
0.00043478422,0
2.4726514e-05,0
9.909082e-06,0
0.99997926,1
0.99999046,1
0.99996793,1
0.9999912,1
0.99999034,1
3.8290116e-05,0
5.2208437e-05,0
4.7372137e-05,0
0.9998678,1
3.709253e-05,0
5.378293e-05,0
0.0014652481,0
0.00045411827,0
4.1485422e-05,0
0.99994254,1
7.088246e-05,0
4.896422e-05,0
8.03153e-05,0
0.99985075,1
0.99996436,1
0.0007136246,0
4.9010192e-05,0
1.9500614e-05,0
0.99999106,1
0.0059055095,0
0.00026561721,0
3.0694904e-05,0
0.99993515,1
0.99999666,1
0.9999018,1
6.7413355e-05,0
2.8584825e-06,0
0.99996555,1
1.2577801e-05,0
0.9999498,1
2.2185824e-05,0
1.7237144e-05,0
4.4746994e-05,0
0.0006063747,0
0.00025638725,0
0.00010237978,0
0.0003113897,0
0.9999852,1
0.000300437,0
0.0017460445,0
2.9575206e-06,0
0.00016333102,0
0.0024511197,0
0.99994254,1
0.0028727069,0
0.9999988,1
0.9999399,1
0.00034471203,0
0.00046705484,0
7.563554e-05,0
0.9992368,1
0.9997967,1
0.99999034,1
0.9998623,1
0.99998116,1
6.643787e-05,0
0.9999001,1
0.999995,1
0.99999225,1
7.498183e-06,0
9.727364e-06,0
0.9999926,1
2.5929869e-05,0
5.8875397e-05,0
0.2584115,0
1.0881139e-05,0
2.8079276e-06,0
5.219261e-05,0
9.2770264e-05,0
0.99962735,1
0.9998925,1
0.0002914059,0
5.1710526e-06,0
2.0818537e-05,0
2.4303185e-05,0
3.670907e-05,0
3.7604623e-05,0
0.999998,1
4.064024e-06,0
0.00025027216,0
0.9999949,1
1.7978751e-05,0
2.7694507e-06,0
0.00015381607,0
0.9999473,1
0.00064463995,0
1.724329e-06,0
0.9999485,1
7.4094256e-05,0
0.9999155,1
0.9999566,1
0.9998926,1
0.00018851791,0
0.9997912,1
4.407409e-06,0
0.9999726,1
0.008633172,0
0.0009099576,0
0.00011707509,0
0.0009078494,0
0.88287,1
0.0009163871,0
3.1166106e-05,0
8.894074e-06,0
0.99998856,1
4.6508405e-05,0
0.0018233679,0
0.999987,1
0.000112457674,0
0.00022837034,0
0.9999708,1
0.004390652,0
0.00027864636,0
0.99995804,1
0.9999329,1
9.683648e-06,0
0.0008542178,0
0.9999031,1
0.00023589974,0
5.9039285e-05,0
0.9995876,1
0.99997807,1
0.9999356,1
5.401459e-05,0
2.4315748e-05,0
0.99994063,1
0.98103404,1
0.99998486,1
3.1413234e-05,0
5.7138095e-05,0
1.11673835e-05,0
4.390503e-05,0
0.9997248,1
0.00014454874,0
0.0005469916,0
0.999923,1
0.9998323,1
0.007555682,0
0.00014425395,0
0.9999753,1
0.99998975,1
0.99999857,1
0.00039545776,0
9.265779e-06,0
3.5219222e-05,0
1.1643546e-06,0
1.4641328e-06,0
0.9999956,1
3.7445094e-05,0
0.00017052675,0
0.0006789348,0
0.0019206611,0
0.00014315677,0
0.9999479,1
0.0041150637,0
4.5426797e-05,0
5.441428e-05,0
0.99998975,1
0.9999876,1
4.1920535e-05,0
0.9999318,1
1.2863547e-06,0
6.9184402e-06,0
3.4171342e-05,0
1.7264669e-05,0
2.073783e-05,0
0.9999777,1
0.0002385599,0
1.9613452e-05,0
0.9999273,1
0.00031158602,0
1.9882795e-05,0
3.1724583e-05,0
2.2217635e-06,0
0.0002425462,0
1.9346611e-05,0
3.7050708e-05,0
0.00033491818,0
0.00011627083,0
4.255499e-06,0
0.99988544,1
0.0016395921,0
0.00011745842,0
0.9999968,1
0.99951625,1
3.6604688e-05,0
8.6282074e-05,0
6.5917657e-06,0
0.00019284985,0
3.567894e-05,0
0.0069177137,0
4.3164404e-05,0
0.9999987,1
0.0002723641,0
4.5203606e-06,0
0.00023034107,0
0.00011732196,0
4.15813e-06,0
0.99998593,1
0.9999951,1
6.978773e-05,0
0.9999883,1
0.9996195,1
0.999964,1
1.2604446e-05,0
1.4058855e-05,0
0.00075160316,0
6.427859e-06,0
1.0980273e-05,0
0.99999774,1
4.7573976e-06,0
0.00018147605,0
1.8691455e-05,0
0.9999516,1
0.9998865,1
3.6825444e-05,0
0.99996436,1
5.3523625e-05,0
6.24777e-05,0
0.99994254,1
0.999943,1
8.181641e-06,0
0.9999988,1
0.00034859977,0
0.9726964,1
0.0038519753,0
0.9999578,1
6.5683657e-06,0
0.0002104817,0
1.3002924e-05,0
0.010984756,0
1.0646906e-05,0
0.9999795,1
4.558041e-05,0
0.99997914,1
0.99991226,1
0.9999585,1
0.0011368132,0
0.99999726,1
0.99961394,1
0.99999523,1
0.9998485,1
1.5872009e-05,0
4.2710053e-06,0
9.760608e-05,0
2.3254555e-05,0
0.9999807,1
0.9998976,1
5.065226e-06,0
0.999987,1
0.9999753,1
0.9996754,1
8.206428e-05,0
8.903532e-05,0
1.4439869e-05,0
0.00047849974,0
4.7075548e-05,0
3.2826983e-06,0
1.6209086e-05,0
0.99999714,1
0.9999883,1
0.00012464623,0
0.99998856,1
0.99967957,1
0.9998547,1
0.9998079,1
0.99998283,1
2.5889098e-05,0
4.382391e-06,0
0.9999685,1
0.9999765,1
0.9999857,1
5.272705e-06,0
0.00013007733,0
2.982728e-05,0
0.99988914,1
0.9999893,1
0.9999198,1
0.00025047458,0
0.000178116,0
1.317567e-05,0
1.328192e-05,0
0.9997093,1
1.8112174e-05,0
0.00042179337,0
0.9999974,1
0.00027911115,0
0.00034666748,0
0.9999926,1
5.383866e-05,1
0.98614514,1
0.9999856,1
0.9999715,1
6.1476945e-05,0
0.0024091972,0
8.849132e-05,0
5.6688226e-05,0
2.2138249e-05,0
6.5053224e-05,0
0.0012369162,0
7.83527e-06,0
4.0695508e-05,0
1.7456367e-05,0
2.9277292e-06,0
0.99801767,1
0.0018714339,0
0.9999862,1
1.05052795e-05,0
1.2287224e-05,0
0.0012526845,0
0.9998839,1
0.99995804,1
0.99953866,1
0.99996173,1
2.77009e-06,0
0.9999906,1
0.00031071328,0
0.999998,1
0.00017601138,0
9.657881e-06,0
1.2645997e-05,0
0.9999887,1
1.9988995e-05,0
9.83984e-06,0
4.313803e-06,0
0.00010219904,0
0.99995005,1
5.6177145e-05,0
9.281335e-05,0
0.9998498,1
0.9999956,1
2.784369e-05,0
2.3606137e-05,0
0.00047095818,0
0.999984,1
0.00017870578,0
1.7486291e-06,0
0.99999917,1
9.2506725e-06,0
8.8605055e-05,0
0.99988914,1
0.9998,1
0.9999924,1
1.730969e-05,0
0.9999881,1
4.2557924e-05,0
0.9998952,1
2.6922327e-05,0
0.9999337,1
0.99976724,1
0.99994755,1
0.9999541,1
8.6582004e-05,0
8.39123e-05,0
0.00015215746,0
7.8114455e-05,0
1.3839008e-05,0
7.5300436e-06,0
0.99990916,1
0.00038516533,0
2.6041209e-05,0
0.9999908,1
0.00042921357,0
0.999876,1
2.5667408e-05,0
0.0024902201,0
0.9999927,1
0.9999802,1
3.4379027e-05,0
5.843411e-06,0
0.99969995,1
0.9999881,1
0.00013194531,0
7.193486e-05,0
3.4273424e-05,0
0.9999397,1
2.7542048e-05,0
0.00013074088,0
0.9999908,1
4.0071525e-05,0
6.6968155e-06,0
7.969109e-05,0
4.1703544e-05,0
6.428423e-06,0
9.8537515e-05,0
6.036016e-06,0
2.8084419e-06,0
1.3697047e-05,0
0.9999962,1
0.9999039,1
0.99999726,1
4.1977863e-05,0
0.00087951275,0
0.9991472,1
0.99946576,1
0.9998394,1
0.00011844052,0
6.318345e-05,0
0.999962,1
0.99993587,1
0.00019475947,0
3.3520977e-05,0
0.00018295721,0
3.010487e-06,0
1.5033091e-05,0
8.879918e-05,0
0.008923183,0
0.9999709,1
0.00030098113,0
0.9999201,1
5.431888e-05,0
3.634648e-05,0
0.00011276275,0
0.00015951446,0
5.422216e-05,0
5.6470566e-05,0
0.99999607,1
0.9998876,1
0.0008447989,0
0.9999647,1
0.000890993,0
3.8707294e-06,0
0.000927313,0
7.940428e-05,0
0.9999207,1
3.1447344e-05,0
0.00013599885,0
6.471712e-05,0
0.9999801,1
0.0007271577,0
0.00015674662,0
0.99998116,1
0.9999682,1
7.188832e-06,0
0.99998677,1
0.9998172,1
0.00041280914,0
0.9999981,1
0.0122725535,0
7.170201e-05,0
0.9999478,1
1.15392995e-05,0
0.9999925,1
0.99999464,1
6.300626e-05,0
1.0252782e-05,0
1.6961805e-05,0
6.414785e-06,0
2.057547e-05,0
0.00012794852,0
0.0030943204,0
0.020205397,0
5.1168654e-06,0
0.9999598,1
1.6423e-05,0
2.3911876e-05,0
0.0003410994,0
0.0034296592,0
0.99987066,1
0.9999931,1
0.9999703,1
0.99996793,1
0.99996865,1
0.9999728,1
0.00074386696,0
0.99999905,1
0.0006764244,0
5.5303167e-06,0
0.00020302954,0
0.0002393822,0
6.9481874e-05,0
0.9999865,1
0.0002509424,0
0.9999982,1
0.9999813,1
4.6027162e-05,0
6.129442e-05,0
0.99998236,1
0.00036322005,0
0.9999734,1
6.2082814e-05,0
0.0002320138,0
2.1879334e-05,0
7.684456e-06,0
6.5609715e-06,0
0.999918,1
0.9940984,1
3.234589e-05,0
0.99999654,1
1.1427782e-05,0
0.00012937089,0
1.1466689e-05,0
4.9435803e-06,0
0.0002271995,0
0.99996316,1
0.9999914,1
1.8757471e-05,0
0.00021111059,0
2.3002845e-05,0
8.1934246e-05,0
4.88668e-06,0
5.321413e-06,0
2.7654034e-05,0
0.0014310129,0
3.0382364e-06,0
0.9988519,1
0.9996056,1
0.0073568225,0
0.0007538236,0
2.2635755e-05,0
0.9999449,1
0.0041980757,0
3.869777e-05,0
0.99998045,1
0.9999312,1
0.99999475,1
0.00012806313,0
5.9051956e-05,0
0.0001603318,0
3.6371446e-05,0
3.78413e-05,0
0.9858188,1
0.99999607,1
0.9981546,1
0.99996793,1
0.0018265342,0
3.226167e-05,0
0.9999893,1
4.0575727e-05,0
6.3265575e-06,0
5.2807503e-05,0
3.3522607e-05,0
0.00032481994,0
0.99999,1
4.3642292e-05,0
0.00015984531,0
2.6936194e-05,0
0.0075140684,0
1.1747991e-06,0
0.999987,1
0.9999777,1
1.9085176e-06,0
0.99992657,1
1.6849162e-05,0
0.99997866,1
1.416474e-05,0
0.9999809,1
2.2460848e-05,0
0.99999833,1
0.99998283,1
2.2002829e-05,0
0.9999608,1
0.00013249021,0
0.9999881,1
0.9999647,1
2.5381362e-06,0
0.00013331839,0
7.459356e-05,0
3.8085524e-05,0
0.9999851,1
0.00010557796,0
1.8256873e-05,0
0.9994854,1
0.99999666,1
0.9999802,1
0.00014813423,0
0.99997747,1
0.99993837,1
0.0001415086,0
9.0922947e-07,0
4.4564393e-05,0
0.9999845,1
0.99999857,1
3.9893504e-05,0
2.482665e-05,0
0.00027034406,0
4.494513e-06,0
0.0002581676,0
0.9999118,1
1.0249761e-05,0
0.9999975,1
7.9951875e-05,0
0.0003900026,0
0.00022582982,0
0.003948882,0
1.5091578e-06,0
0.99999785,1
0.9999902,1
0.9999809,1
0.0010447045,0
0.00014508702,0
0.9999994,1
0.00031960098,0
0.9998373,1
0.99992394,1
5.9596678e-06,0
0.9999826,1
4.202348e-05,0
5.6333556e-06,0
0.9999808,1
4.600952e-05,0
6.305308e-05,0
7.211949e-05,0
0.0018392788,0
1.9813384e-05,0
1.3309447e-05,0
2.7974796e-05,0
0.99983966,1
6.419791e-06,0
0.9999944,1
1.0883588e-05,0
0.00014126782,0
5.4590528e-06,0
1.34396605e-05,0
3.829653e-06,0
7.4674626e-06,0
1.0910431e-05,0
2.3616809e-05,0
1.8029488e-05,0
8.548091e-06,0
0.00011315979,0
0.99990857,1
0.0010308488,0
2.7859522e-05,0
7.6280994e-05,0
0.0005162602,0
0.9999981,1
0.9999989,1
0.0002515458,0
0.9999833,1
0.0011242973,0
0.99997044,1
0.0004319116,0
4.5626337e-05,0
0.9999137,1
0.9996362,1
6.791426e-05,0
3.7340473e-05,0
0.9999893,1
4.145331e-05,0
0.0013405056,0
0.9999428,1
0.0026670191,0
0.9993742,1
0.9994741,1
0.0001605795,0
2.2709593e-05,0
0.9999925,1
0.99993837,1
0.00011206417,0
0.0064892597,0
0.00017271527,0
0.0002965367,0
0.9998022,1
1.4548139e-05,0
0.99996316,1
0.9999329,1
0.99997306,1
4.002764e-05,0
1.21167295e-05,0
0.9999825,1
0.99999166,1
2.318865e-05,0
0.99997497,1
0.00014794522,0
0.00017861994,0
3.3300043e-06,0
0.0010994955,0
0.00018750149,0
0.9999987,1
0.0008966424,0
0.99995685,1
0.9999826,1
0.00039464148,0
0.9999597,1
0.9999857,1
6.008025e-06,0
0.9999933,1
0.99999607,1
0.00042073417,0
2.2793843e-06,0
1.193062e-05,0
0.9999918,1
1.0650714e-05,0
0.9994659,1
4.350745e-05,0
0.9999881,1
4.8924594e-05,0
0.99999094,1
3.3314275e-06,0
8.826933e-05,0
0.99998486,1
0.9999782,1
0.00054142915,0
0.000186096,0
2.4766561e-05,0
3.4091552e-06,0
0.99998283,1
0.99998367,1
0.9887537,1
3.5802557e-05,0
0.9999715,1
0.0007166072,0
0.9999832,1
0.9999747,1
1.8170442e-05,0
0.9999707,1
0.9999863,1
0.008717468,0
0.00013830696,0
0.9999908,1
0.9981481,1
0.0003157417,0
9.724109e-06,0
0.99999607,1
0.9996983,1
0.999992,1
0.9999417,1
0.00014302715,0
0.9999088,1
1.0197346e-05,0
0.00067845033,0
0.00015219634,0
3.6586189e-06,0
0.9999856,1
0.99997556,1
0.9999323,1
8.730503e-06,0
0.99994004,1
2.5396386e-05,0
5.1107956e-05,0
0.0007860643,0
4.24342e-05,0
0.9999541,1
0.029593982,0
0.00018334787,0
3.887106e-06,0
0.0007833313,0
3.5742076e-05,0
2.5561734e-05,0
0.9997553,1
0.001683792,0
1.5414187e-05,0
2.1705884e-05,0
0.9999896,1
0.99996436,1
3.5228724e-05,0
3.5782427e-06,0
8.4180225e-05,0
0.9998518,1
0.99997973,1
1.9147059e-05,0
0.0003856165,0
0.9998273,1
2.4839059e-05,0
0.0002576937,0
3.6119363e-05,0
0.99998546,1
6.633101e-05,0
0.9999256,1
0.99959916,1
4.371202e-05,0
0.9999465,1
7.298516e-06,0
2.1190008e-06,0
0.99999,1
0.99998665,1
0.99998224,1
0.0005329507,0
1.410411e-05,0
0.00026557874,0
8.950479e-05,0
0.99999523,1
0.9999733,1
0.9998895,1
0.99999547,1
0.00010179442,0
3.1644962e-05,0
0.00010620391,0
0.00029101776,0
1.20827e-05,0
0.0023571711,0
0.0022440497,0
2.5525293e-05,0
0.00030383715,0
8.306765e-06,0
0.9999261,1
0.99999464,1
0.0005086501,0
0.00073005,0
0.00010754762,0
0.99997854,1
0.9999982,1
3.125021e-06,0
1.2797332e-05,0
7.6254815e-05,0
0.9999399,1
6.805404e-05,0
2.0292096e-05,0
0.00016546428,0
0.000114820104,0
2.111212e-05,0
0.99996495,1
0.9991854,1
6.55751e-05,0
0.9998313,1
1.3840223e-05,0
1.2114026e-05,0
0.9999969,1
6.114061e-06,0
0.00010594759,0
4.550306e-05,0
4.1745163e-05,0
0.00024997813,0
1.8373199e-05,0
5.620833e-05,0
0.00029831118,0
0.00044810798,0
2.6360658e-05,0
0.9999876,1
6.9479825e-06,0
8.213255e-05,0
4.110007e-05,0
0.0007524144,0
8.8423076e-05,0
0.00042255037,0
0.99996126,1
0.99999714,1
0.99544466,1
0.9999311,1
6.873674e-06,0
0.0044333967,0
0.00029070635,0
1.7452223e-05,0
2.845544e-06,0
1.6504911e-05,0
0.001056629,0
1.7497485e-05,0
6.9023736e-06,0
3.24558e-05,0
7.8165875e-05,0
0.9999161,1
0.00031817422,0
0.9999864,1
0.0005302363,0
6.0032362e-05,0
0.0007934512,0
0.999992,1
0.99996555,1
0.9998436,1
0.999676,1
0.0001981349,0
0.99997795,1
0.9999906,1
0.99999857,1
0.0002904775,0
0.9999975,1
0.99999714,1
6.89181e-06,0
0.0018104117,0
4.9629853e-06,0
2.4782274e-05,0
0.00016076319,0
0.99996555,1
8.7557004e-05,0
4.535888e-05,0
0.9999975,1
3.4751374e-05,0
2.0131383e-05,0
0.00016817839,0
0.9999938,1
0.0001490764,0
6.060654e-05,0
0.9999987,1
0.00044626003,0
0.99996996,1
0.00016798927,0
2.1996177e-05,0
0.00024038146,0
0.9999217,1
0.9999249,1
0.00056647306,0
4.167841e-06,0
0.00025441629,0
3.5483627e-05,0
0.029185697,0
1.08666945e-05,0
1.3108918e-05,0
0.9999571,1
0.9999391,1
0.99997103,1
9.6305e-06,0
0.00023229205,0
0.9999989,1
0.07568457,0
0.037379835,0
0.9999906,1
0.00032889828,0
0.99995327,1
1.2285315e-05,0
2.6529513e-06,0
0.00012862291,0
0.00038387853,0
6.949314e-05,0
0.9999392,1
0.00034447943,0
0.9999907,1
0.0036494944,0
0.99994004,1
0.999995,1
1.7260223e-05,0
0.00063893077,0
0.00049116655,0
0.9998387,1
5.6354907e-05,0
0.99997497,1
0.9999709,1
0.00025577733,0
9.387239e-05,0
0.00010933099,0
0.00046640416,0
0.99997926,1
1.2639437e-05,0
0.99999,1
9.1261434e-05,0
6.9019676e-05,0
7.195744e-05,0
0.99999404,1
0.9999851,1
0.9994425,1
4.75355e-05,0
0.9999528,1
1.2506346e-05,0
0.0027805201,0
0.00085104967,0
0.99999225,1
0.00084751117,0
0.99997604,1
0.99998844,1
0.00037827334,0
0.99999833,1
7.3878373e-06,0
0.00073666574,0
0.005588192,0
2.2120099e-05,0
0.9999794,1
1.4432972e-05,0
0.0031518482,0
0.002703326,0
7.061038e-06,0
0.00024651355,0
9.396634e-05,0
0.00061314396,0
0.9999943,1
0.0004318659,0
0.00022247127,0
5.83957e-05,0
0.9999404,1
0.9997594,1
0.99935466,1
3.5093093e-05,0
1.2373996e-05,0
9.0239766e-05,0
0.99999297,1
0.99988925,1
0.9997485,1
0.06152498,0
1.5200359e-05,0
0.0003696925,0
9.716821e-05,0
1.2095243e-05,0
0.9999696,1
0.0005058783,0
0.9999746,1
1.9417812e-05,0
0.0004643921,0
3.1864936e-05,0
0.9999809,1
1.0565282e-05,0
0.9999199,1
1.2639413e-05,0
2.7419921e-05,0
2.0768764e-05,0
0.0003447265,0
0.00014981255,0
0.9999682,1
0.9999932,1
6.790115e-06,0
3.447917e-05,0
0.9999958,1
9.867274e-05,0
0.9998994,1
1.459909e-05,0
5.7933994e-05,0
2.414715e-05,0
0.000258817,0
0.017924385,0
4.5637516e-05,0
0.019212432,0
0.9999838,1
0.99973565,1
0.9999392,1
4.0785135e-06,0
0.99996865,1
0.00015214978,0
0.99996924,1
0.99997663,1
0.00014919101,0
0.9996841,1
0.9999782,1
2.9815303e-07,0
4.7181296e-05,0
0.9999938,1
0.9999405,1
4.230664e-05,0
0.97135925,1
3.5243916e-05,0
0.0005804299,0
0.9999597,1
0.99993,1
7.301514e-05,0
0.99985445,1
0.9999927,1
2.7358226e-05,0
0.00021002963,0
0.99995685,1
0.0005451971,0
1.5987342e-05,0
0.9999703,1
7.57649e-05,0
0.0038668446,0
0.0006644473,0
0.00055611826,0
7.599762e-05,0
0.99998856,1
0.99998367,1
0.99999285,1
4.541568e-06,0
0.99996126,1
6.17356e-06,0
0.99994445,1
2.0061105e-05,0
1.6223978e-05,0
4.1757667e-05,0
7.318118e-05,0
0.00027445547,0
7.790357e-06,0
0.99999404,1
2.345735e-05,0
0.00031842216,0
0.9999852,1
0.97690874,1
4.257173e-05,0
9.1467125e-05,0
0.9999422,1
1.7028939e-05,0
0.00010193664,0
0.99996436,1
0.00027745025,0
0.99999547,1
0.0052474244,0
3.139613e-05,0
0.9999399,1
6.630357e-05,0
3.9029357e-05,0
1.8258579e-05,0
7.688964e-06,0
6.7418055e-06,0
0.99998856,1
0.0001784725,0
0.0007093979,0
0.9999875,1
0.9998369,1
0.99997056,1
0.9999844,1
0.0008825609,0
0.99999654,1
0.9999912,1
1.4845473e-05,0
2.3638891e-05,0
4.3112823e-06,0
0.9999771,1
0.8953382,1
0.9999553,1
1.9405055e-05,0
0.9999862,1
0.9999418,1
0.99999297,1
2.7804816e-05,0
0.0005749234,0
0.00019157062,0
0.99989116,1
1.8614324e-05,0
1.137967e-05,0
1.5524802e-05,0
4.2154734e-05,0
9.086164e-05,0
0.9999683,1
1.6568245e-05,0
0.999984,1
0.99929166,1
0.0006841378,0
0.99999785,1
0.06517371,0
3.0051351e-05,0
7.578318e-05,0
0.99961936,1
0.9999907,1
0.015313664,0
2.3643785e-05,0
0.9997452,1
0.99999654,1
0.99995995,1
0.99965584,1
2.3924695e-05,0
2.5117182e-05,0
0.99998164,1
0.9999927,1
1.1181877e-06,0
0.00020017373,0
0.9999825,1
0.00029452916,0
3.545579e-05,0
1.39054455e-05,0
8.188309e-05,0
0.9998068,1
0.9999374,1
1.8827992e-05,0
0.00072551647,0
0.99999416,1
0.99991596,1
0.99998,1
0.99996793,1
0.9994981,1
0.9996536,1
0.9993299,1
0.9999136,1
0.99994946,1
0.99991274,1
0.99996173,1
0.99981755,1
2.5816713e-05,0
4.6728597e-05,0
0.0013703039,0
0.0001730344,0
0.99990606,1
0.00019918523,0
0.9998778,1
4.0309846e-05,0
0.00063424575,0
2.4388555e-05,0
0.00045067136,0
9.209975e-05,0
3.274983e-05,0
0.001739409,0
0.99998236,1
5.0035565e-06,0
0.999539,1
0.00026939617,0
0.00017378392,0
0.00011488822,0
4.9411618e-05,0
0.9999763,1
1.5631378e-05,0
1.6143198e-05,0
6.737582e-07,0
2.2788325e-05,0
0.99988735,1
0.99635017,1
0.9999205,1
9.616888e-05,0
0.0006287927,0
0.9970926,1
0.00012781254,0
0.99977154,1
5.7360216e-06,0
0.0039616567,0
0.99997234,1
0.00026226733,0
2.030928e-06,0
0.0006811017,0
0.99995494,1
1.2118636e-05,0
5.9574133e-05,0
0.99982846,1
2.8659657e-05,0
0.00015536662,0
0.0004075471,0
0.9999827,1
0.0012010405,0
0.99999607,1
7.045695e-06,0
0.00044611457,0
1.457515e-05,0
0.00011627293,0
0.9998869,1
0.9999685,1
9.17422e-06,0
0.00015965794,0
0.9999249,1
4.4299482e-05,0
3.1431333e-05,0
0.99934787,1
1.03828015e-05,0
1.22115625e-05,0
0.025522353,0
0.999764,1
0.9999454,1
6.231354e-05,0
0.9985892,1
5.0198505e-05,0
1.5893553e-06,0
8.24484e-05,0
0.9999918,1
0.99977833,1
0.000826358,0
3.6347385e-05,0
0.0036353236,0
0.0002398343,0
0.9999597,1
0.0010130666,0
6.433557e-06,0
0.9999945,1
7.261193e-06,0
0.99998736,1
0.9992955,1
2.4514861e-06,0
1.0205168e-06,0
0.00038382618,0
0.99999225,1
7.630137e-05,0
7.52734e-05,0
0.9999862,1
4.458803e-05,0
0.00012536561,0
8.516536e-06,0
0.9999516,1
3.4218036e-05,0
5.0857398e-06,0
0.99999464,1
2.0348743e-07,0
6.618538e-05,0
1.9654699e-05,0
0.0018836601,0
2.681356e-05,0
0.9997892,1
0.9999615,1
0.00019808237,0
0.9999267,1
2.9223704e-06,0
8.63583e-05,0
1.8062085e-05,0
0.99991333,1
0.00022324879,0
9.2628015e-06,0
0.9999939,1
1.0682381e-05,0
0.9998192,1
0.99995387,1
0.048873805,1
0.99999404,1
0.0001330177,0
3.1614345e-05,0
0.00013054442,0
0.99999666,1
0.9998271,1
5.841302e-05,0
0.99994826,1
9.044704e-05,0
0.0015723626,0
0.99998975,1
8.5537074e-05,0
1.744041e-05,0
0.0005490941,0
1.029723e-05,0
0.99985206,1
0.99999523,1
0.0016726474,0
0.9999274,1
0.00038220483,0
0.00017244178,0
2.011463e-05,0
0.00013696044,0
0.00042392756,0
0.9998735,1
0.013137706,0
0.99999905,1
0.9999815,1
5.9661616e-06,0
2.6678452e-05,0
0.9999949,1
6.1168307e-06,0
7.011954e-05,0
0.99998343,1
0.00023267463,0
4.669679e-05,0
0.99995136,1
0.99999845,1
7.2374864e-06,0
2.9933111e-05,0
0.99998736,1
6.654414e-05,0
0.00039637848,0
0.99999297,1
0.00016581507,0
0.00013198747,0
0.99995816,1
2.4961946e-05,0
0.99997425,1
0.9999968,1
2.5674824e-05,0
0.00016587801,0
0.999985,1
1.0684082e-05,0
0.99999,1
0.9999989,1
3.2647529e-06,0
0.00014684013,0
0.99997497,1
0.999811,1
0.016545976,0
0.999941,1
0.00036357465,0
0.003284898,0
0.02246565,0
0.00014506931,0
0.00015394652,0
0.0013090383,0
0.9999889,1
0.0004099577,0
5.479948e-06,0
0.9999925,1
0.00041607564,0
0.999736,1
0.999913,1
1.2188967e-05,0
1.7240302e-05,0
0.019435013,0
0.9994708,1
2.2440829e-05,0
0.9999411,1
0.0004203211,0
2.0098294e-05,0
0.9999509,1
0.9999474,1
3.1271647e-05,0
7.627176e-05,0
0.9999888,1
1.871898e-05,0
0.99999857,1
0.99972075,1
0.00065210485,0
0.9997422,1
1.4377225e-06,0
0.99999523,1
0.00030421745,0
8.639841e-05,0
0.0007134162,0
5.3523625e-05,0
1.32567875e-05,0
3.9547445e-05,0
5.929251e-05,0
3.1468164e-05,0
0.00057851785,0
1.1674461e-05,0
0.99997985,1
4.467015e-06,0
0.99999464,1
1.7500421e-06,0
0.9999993,1
0.0003009846,0
0.0011107594,0
5.4798533e-05,0
0.9999926,1
0.008530918,0
0.9999634,1
0.00016850905,0
0.0010133669,0
0.9992317,1
0.9999236,1
1.7004719e-06,0
3.0973515e-05,0
1.528257e-05,0
0.16416785,0
1.0869938e-05,0
0.00089660607,0
0.99999666,1
0.99990094,1
0.9999963,1
4.9457154e-05,0
0.99999344,1
0.023563156,0
2.0137526e-05,0
0.0037889353,0
2.3731161e-05,0
0.00015481739,0
0.00055497827,0
0.99980897,1
0.999998,1
2.6784654e-05,0
0.9999801,1
1.10591645e-05,0
3.173272e-05,0
0.9999956,1
9.678767e-05,0
5.2880646e-06,0
0.000105732106,0
0.9999964,1
1.8132664e-06,0
0.99998903,1
7.4093086e-06,0
5.1056948e-05,0
0.00024114127,0
0.0009890622,0
0.9998958,1
2.8934546e-06,0
3.181223e-05,0
0.999985,1
0.0002514849,0
1.2334574e-05,0
6.707472e-05,0
0.99994457,1
0.9999515,1
1.1603092e-05,0
3.1542582e-05,0
0.99996805,1
0.99988925,1
0.00024338759,0
0.99999595,1
0.9999875,1
0.0011379898,0
0.9999825,1
0.046921887,0
0.9999684,1
0.00028658236,0
5.715897e-05,0
0.99991846,1
0.99998546,1
0.00017960416,0
0.0023557262,0
0.0004333709,0
0.9999919,1
6.154452e-05,0
0.00012028389,0
0.0009864358,0
0.999985,1
0.9999926,1
0.999925,1
8.942912e-05,0
7.043069e-05,0
2.1236609e-05,0
6.8412235e-05,0
0.9999887,1
3.1905896e-05,0
0.82013714,1
0.9999976,1
0.9999994,1
0.00012580713,0
0.99997234,1
0.99996936,1
0.0012882511,0
0.9999833,1
8.912001e-05,0
1.8428036e-05,0
0.9979798,1
0.9999182,1
1.1451521e-05,0
0.98758775,1
3.2912012e-05,0
0.018242681,0
8.207672e-06,0
0.9997249,1
0.010541722,0
9.810054e-06,0
0.99997973,1
0.0014040224,0
9.3875875e-05,0
6.32859e-05,0
1.2842958e-05,0
0.00039682613,0
7.808184e-05,0
0.99990404,1
0.99995303,1
0.00023426913,0
3.2979653e-05,0
0.000851721,0
3.5228724e-05,0
8.3329716e-05,0
0.9999765,1
4.9592763e-06,0
2.5346399e-05,0
0.9999893,1
0.999949,1
0.99969554,1
2.2606804e-05,0
0.00025900756,0
0.0005088329,0
0.9999931,1
0.0014604193,0
0.006806113,0
4.8524027e-05,0
0.9999746,1
0.0146986265,0
0.9997594,1
3.203861e-06,0
7.076867e-06,0
5.254734e-05,0
8.939483e-06,0
0.9999316,1
3.6230986e-06,0
0.9999387,1
0.0033776443,0
0.99999464,1
0.0009321075,0
0.00012963083,0
4.8489885e-05,0
0.0078020273,0
2.6371921e-05,0
0.9858188,1
1.3018744e-05,0
0.00046699983,0
4.9682687e-05,0
2.3497846e-06,0
0.00029881732,0
5.370462e-05,0
9.043857e-06,0
0.99995303,1
0.999902,1
7.429016e-05,0
0.99998283,1
4.529932e-06,0
0.9999933,1
3.0788237e-06,0
0.99997723,1
3.184525e-05,0
0.99999607,1
0.9999089,1
0.00017812026,0
0.2584115,1
2.6703066e-05,0
0.9999894,1
1.7708717e-05,0
8.645232e-05,0
0.9998721,1
0.99998605,1
0.99998283,1
5.2479932e-05,0
0.99994874,1
4.3026517e-05,0
3.546884e-05,0
0.000121645775,0
0.007906046,0
0.0005084717,0
1.1539872e-05,0
0.99984527,1
1.5905372e-05,0
0.00018468591,0
0.001246828,0
5.7544214e-05,0
1.9101682e-05,0
0.9999709,1
0.00015618461,0
0.99996567,1
8.6511776e-05,0
0.99767214,1
0.9998765,1
8.3652565e-05,0
0.00011366039,0
0.0001707464,0
7.722575e-05,0
0.00057579513,0
0.99999166,1
0.99752384,1
4.2697397e-05,0
6.392886e-05,0
1.21830635e-05,0
0.0028589498,0
0.99977475,1
0.99993265,1
7.12908e-06,0
0.99999356,1
1.4405469e-05,0
0.999877,1
0.9999962,1
0.9999908,1
0.99940956,1
0.0023025342,0
0.999997,1
1.8828712e-05,0
0.00014019816,0
0.99996495,1
2.3307039e-05,0
0.99955505,1
1.2293483e-05,0
0.9999814,1
0.00012028894,0
0.00039732654,0
2.8727973e-06,0
0.9999856,1
0.00065843354,0
1.5905965e-05,0
8.53925e-06,0
0.9998778,1
8.760145e-06,0
0.99998856,1
2.6488622e-05,0
0.9999486,1
4.022091e-05,0
0.0001792078,0
0.99994373,1
0.00036121398,0
0.9999949,1
0.9999473,1
3.0600444e-05,0
0.002261823,0
0.99990857,1
0.9999906,1
0.99998415,1
0.99978167,1
3.405543e-05,0
1.9270488e-05,0
0.99998987,1
0.99807125,1
0.001150887,0
1.8333327e-05,0
0.00027584264,0
0.99999607,1
0.00035648636,0
3.1803656e-06,0
2.896006e-05,0
0.9988558,1
0.00028118218,0
0.024249405,0
0.9913762,1
2.6101105e-05,0
0.00047809555,0
9.9981975e-05,0
0.9999976,1
0.9999149,1
0.9999957,1
0.99999905,1
0.9998956,1
0.0005098294,0
2.913377e-05,0
0.006235149,0
2.195016e-05,0
0.008564896,0
3.1736414e-05,0
0.0006666953,0
0.9999795,1
0.9999943,1
0.9999906,1
0.9999552,1
3.0506194e-06,0
0.99998736,1
0.0047783167,0
0.00017036048,0
0.99996495,1
0.0002978687,0
0.9999906,1
0.99998844,1
0.99989927,1
0.0005848288,0
0.999949,1
0.99999654,1
0.9999435,1
0.9999933,1
4.6956102e-05,0
0.00038177823,0
0.99998367,1
1.9880083e-05,0
0.0015064907,0
0.99994075,1
1.1858374e-05,0
0.9999931,1
0.9999968,1
0.99915636,1
1.4025939e-05,0
0.0029796187,1
0.0004404213,0
0.00048525367,0
0.9999727,1
0.99996257,1
0.99998975,1
0.00047543153,0
0.9999815,1
9.414233e-06,0
9.810988e-05,0
0.00046770662,0
0.99994123,1
0.00029243398,0
0.99994636,1
4.605421e-05,0
2.1012553e-05,0
0.02024424,0
3.5514702e-05,0
0.99997866,1
0.00032481994,0
0.99985075,1
0.9999273,1
0.99992526,1
0.9997873,1
9.0902286e-05,0
9.010709e-05,0
0.00486617,0
0.00021515548,0
0.9993524,1
0.9999504,1
0.000106043815,0
5.6334256e-06,0
4.3483205e-06,0
0.00020117598,0
0.99998975,1
7.3795923e-06,0
1.2378672e-06,0
0.99988854,1
2.1792708e-05,0
0.9999455,1
0.99997914,1
7.3720366e-05,0
0.99972564,1
3.8257524e-05,0
2.4369165e-05,0
0.99973875,1
0.000100739264,0
0.00011128446,0
5.9428196e-05,0
0.99996555,1
2.2271508e-05,0
3.8260405e-05,0
0.0040851957,0
0.0016879668,0
0.9813022,1
5.607016e-05,0
0.99998784,1
0.9999596,1
0.00044735658,0
0.00029848644,0
0.9999926,1
0.9999964,1
3.645979e-05,0
0.9998826,1
4.6354402e-05,0
0.0003236595,0
0.0002525279,0
0.004150087,0
0.9999689,1
0.9999517,1
7.582373e-06,0
0.00016647919,0
0.99999285,1
4.0959992e-05,0
2.5130123e-05,0
2.9243887e-05,0
8.164684e-05,0
0.000465247,0
0.999974,1
4.9706432e-05,0
0.9999701,1
0.007787891,0
0.9999814,1
2.1710293e-05,0
2.6952279e-05,0
3.9687497e-05,0
1.9331967e-05,0
0.9999796,1
4.7636655e-05,0
1.4664198e-05,0
0.001100862,0
0.9906927,1
0.99999666,1
4.2731895e-06,0
0.0008894764,0
0.01517536,0
0.99999297,1
0.00025401177,0
0.9999913,1
0.99997103,1
5.3930303e-06,0
0.999887,1
0.9999844,1
0.9999368,1
0.998522,1
0.9998648,1
2.3842835e-05,0
0.99999845,1
0.9999225,1
0.00033236117,0
0.99979,1
7.2399314e-05,0
0.9997477,1
0.99994206,1
0.00020376767,0
2.1464733e-05,0
0.9999728,1
1.44981395e-05,0
6.159575e-06,0
3.1626892e-05,0
0.0008300344,0
0.0004028424,0
0.99986315,1
0.00040953723,0
6.7169574e-05,0
0.005155985,0
0.0012751112,0
0.00014646689,0
1.0675598e-05,0
0.9999887,1
0.00032434895,0
0.00089703896,0
0.99967253,1
2.0817546e-05,0
9.0129215e-06,0
0.9999372,1
8.059269e-06,0
8.943687e-06,0
0.00054494385,0
0.9999794,1
5.6687848e-05,0
0.001130298,0
0.99999285,1
1.8144625e-05,0
0.9999584,1
0.00022027384,0
8.701528e-06,0
0.0002590661,0
0.0949114,1
7.040497e-05,0
0.0037819776,0
5.6957262e-05,0
0.9989028,1
0.00016364326,0
7.5157346e-05,0
0.99862504,1
0.00015815788,0
0.9999609,1
0.99999046,1
8.680277e-06,0
0.9999939,1
0.00037136013,0
0.0009852997,0
0.99998367,1
3.7637308e-06,0
0.00026474422,0
2.9854402e-05,0
0.9999808,1
4.35155e-05,0
0.9996675,1
0.00069638365,0
3.1873235e-05,0
4.58892e-05,0
0.9989278,1
1.87562e-05,0
0.9999883,1
0.9999758,1
2.3563896e-05,0
0.9999969,1
0.9975001,1
0.0008462447,0
0.9999933,1
0.99971145,1
3.7170382e-06,0
0.00021011554,0
0.9757243,1
0.99998534,1
0.9223152,1
7.865008e-05,0
0.99994814,1
0.00014749392,0
0.0001735319,0
0.00019298874,0
9.412339e-06,0
2.8182669e-05,0
6.607142e-05,0
0.00021253749,0
0.0001290524,0
1.7932245e-05,0
5.13089e-06,0
4.196061e-06,0
2.151595e-05,0
3.0779634e-06,0
0.00014262498,0
0.99991274,1
0.001244388,0
0.9998252,1
6.1149985e-05,0
1.2443863e-05,0
0.021590546,0
0.0001243696,0
4.408611e-05,0
1.1149644e-05,0
4.6515634e-05,0
0.99999106,1
0.00017352031,0
2.696197e-05,0
0.99995124,1
0.0001822696,0
0.0002863087,0
6.1512924e-06,0
4.361894e-06,0
5.3401527e-05,0
7.6134194e-05,0
3.0301513e-05,0
0.9998859,1
8.93771e-06,0
0.036949165,0
5.0881e-05,0
3.6490263e-05,0
5.46522e-05,0
0.0010382062,0
0.00011594908,0
0.99996376,1
0.0008391772,0
0.7449721,1
0.9999653,1
0.24067517,0
7.518738e-05,0
0.0020347598,0
0.0016886957,0
0.9999827,1
0.00015082922,0
0.99999475,1
1.9146182e-05,0
0.9997775,1
0.00018275932,0
0.99997985,1
3.5673733e-05,0
0.00010295367,0
1.0477465e-05,0
0.9999926,1
0.9998141,1
0.9998337,1
0.9999846,1
7.700396e-05,0
0.9999913,1
0.9999876,1
0.008359947,1
6.796123e-05,0
0.98847765,1
0.00017896874,0
1.6791526e-05,0
0.9999908,1
2.2380005e-05,0
1.370754e-05,0
0.9999441,1
3.5588582e-05,0
5.056832e-05,0
3.8463848e-05,0
0.9999641,1
2.8306356e-05,0
5.437553e-05,0
0.00016956573,0
0.9999857,1
0.99999523,1
0.999918,1
0.00016671237,0
1.7543985e-05,0
0.9999957,1
0.00042190295,0
8.593532e-05,0
0.00012273273,0
0.99996865,1
0.0001720053,0
2.8719958e-05,0
0.00065406045,0
0.9998313,1
0.99901414,1
2.9577086e-05,0
6.651781e-05,0
1.3203872e-05,0
0.9999175,1
0.99990857,1
0.99998724,1
0.9999466,1
0.0001820025,0
0.0009961036,0
8.424584e-05,0
2.8955421e-05,0
0.999936,1
0.99991727,1
0.9998945,1
0.9999615,1
0.9988902,1
0.0007205142,0
8.0797545e-06,0
0.070964016,0
0.9997738,1
0.00011032949,0
1.3748753e-05,0
1.4642821e-06,0
0.99976856,1
0.99998915,1
2.5374648e-05,0
1.0898296e-05,0
0.999964,1
0.99999845,1
7.449945e-05,0
5.948209e-06,0
0.00045810195,0
0.00013852236,0
0.99396765,1
0.00024380401,0
0.99969995,1
0.99997723,1
0.9999589,1
0.9999993,1
2.3947225e-05,0
9.52515e-06,0
0.00012854578,0
0.99995184,1
0.9999256,1
0.99999666,1
0.99999094,1
3.217481e-05,0
1.0095446e-05,0
0.99989784,1
0.99999714,1
0.00019428965,0
3.2456202e-05,0
0.0003038189,0
1.1265761e-05,0
0.0006994838,0
1.0230904e-06,0
0.00076983124,0
4.3413205e-05,0
0.99998534,1
0.00079523004,0
0.000146316,0
2.5789941e-05,0
5.840809e-06,0
0.99997485,1
3.9356393e-05,0
1.4931232e-05,0
0.9997137,1
1.7743389e-05,0
3.8130078e-05,0
6.079837e-05,0
0.0001896626,0
0.99996173,1
1.8827992e-05,0
0.9999925,1
0.000331821,0
0.999979,1
9.800169e-05,0
2.8228664e-05,0
5.6415887e-05,0
0.00017700283,0
0.9999994,1
0.00048577687,0
1.7107623e-05,0
0.009983881,0
0.00021954942,0
0.0002411654,0
0.99999535,1
0.99995697,1
0.999995,1
8.271249e-06,0
0.0005690486,0
0.99999917,1
0.99999905,1
0.99978477,1
0.9999957,1
2.399862e-05,0
0.000120015,0
0.99999917,1
0.0055291206,0
0.97204024,1
0.9999963,1
9.35447e-05,0
0.9999825,1
0.0012212221,0
1.8324708e-05,0
0.9999628,1
2.9546816e-06,0
0.9999939,1
0.0009393136,0
0.000112160495,0
0.041089877,0
1.6766917e-05,0
1.0227733e-05,0
3.86718e-05,0
2.810197e-05,0
0.99991107,1
8.896938e-05,0
1.933759e-05,0
9.907088e-06,0
0.99999785,1
4.137592e-06,0
0.99990046,1
1.7615606e-05,0
0.99968255,1
0.9999428,1
0.99991393,1
4.379468e-05,0
0.9999964,1
0.00011868312,0
0.999992,1
0.9999465,1
0.99992335,1
0.011813232,0
3.5007808e-06,0
2.8483594e-06,0
1.736753e-05,0
3.2275423e-06,0
0.9708071,1
2.774897e-06,0
4.5749794e-06,0
4.086121e-05,0
1.0498449e-05,0
0.009381514,0
0.00050626905,0
0.9999958,1
0.0013480873,0
0.9999875,1
0.99999785,1
6.141187e-06,0
4.9781256e-06,0
6.04466e-05,0
0.00019232082,0
0.9999944,1
2.623046e-05,0
1.3101445e-05,0
1.63603e-05,0
3.5073186e-05,0
0.9999827,1
0.0051670666,0
2.980452e-06,0
0.00054562,0
0.0025814837,0
0.9995029,1
0.00068086677,0
0.00017217462,0
1.3706704e-05,0
0.9999311,1
1.4910243e-05,0
0.999984,1
0.99998605,1
0.9999825,1
0.9999938,1
0.9999659,1
1.1127931e-05,0
0.00053893717,0
1.0456552e-05,0
1.510892e-05,0
1.37568195e-05,0
1.6040456e-05,0
0.9999707,1
8.935538e-05,0
0.0002509237,0
0.014259557,0
9.191699e-05,0
0.9999826,1
0.99967456,1
3.005264e-05,0
0.9999782,1
0.0022213482,0
0.0009392698,0
9.547886e-06,0
0.00014803215,0
7.696939e-05,0
0.99557954,1
0.00023755418,0
8.594597e-05,0
0.0026767715,0
7.5819253e-06,0
0.9990293,1
0.00016154534,0
0.00012672991,0
8.319783e-05,0
0.9999881,1
0.005604942,0
5.4577355e-05,0
4.135807e-05,0
1.2307291e-05,0
0.00010291451,0
2.2830327e-05,0
0.0029436327,0
0.9910192,1
5.6811455e-06,0
0.00023671536,0
0.99998486,1
1.8947523e-05,0
2.6506841e-05,0
1.3215638e-05,0
0.9999814,1
0.0048639746,0
4.740933e-05,0
4.2641208e-05,0
0.9999634,1
1.1793537e-05,0
0.99986935,1
0.003138835,0
8.90783e-05,0
0.0036266223,0
0.9999931,1
1.6407503e-05,0
0.0031873141,0
8.8008655e-06,0
0.99996936,1
7.0280534e-05,0
1.4486061e-05,0
0.00011807932,0
0.9999541,1
0.99991286,1
0.9999552,1
0.99982625,1
0.99999595,1
5.3222775e-05,0
1.1404127e-06,0
0.000108741566,0
0.99986327,1
4.2756556e-06,0
0.00015498252,0
3.7948084e-05,0
0.0036048377,0
0.9999114,1
2.4027797e-06,0
0.0003964801,0
9.292954e-05,0
4.445908e-05,0
0.00073463586,0
0.0004368998,0
0.999995,1
0.99999595,1
0.99993944,1
0.99995637,1
0.9999887,1
1.9297891e-05,0
0.99998915,1
0.00017776937,0
0.00050330727,0
4.4895358e-05,0
1.6666182e-06,0
3.9858707e-05,0
0.00025642122,0
0.99984777,1
3.3905944e-05,0
0.9999962,1
0.99988246,1
0.00022141534,0
0.9999975,1
0.9999958,1
0.0009864842,0
0.99951005,1
0.9999502,1
0.99986756,1
0.00015977018,0
0.00029126756,0
0.0044684587,0
1.2217259e-05,0
9.395864e-06,0
9.789801e-06,0
0.9974825,1
7.398256e-05,0
0.9999714,1
0.9999697,1
0.99995613,1
0.00015556898,0
0.9999832,1
0.000218886,0
0.9999887,1
0.0011039206,0
0.9999918,1
5.7121808e-05,0
3.2627755e-05,0
0.9999882,1
5.6043104e-05,0
5.183928e-05,0
2.2162647e-05,0
0.00034859078,0
2.9736933e-05,0
0.9999026,1
0.00036051992,0
7.999595e-05,0
0.0015286789,0
1.9359772e-05,0
0.00026860036,0
8.512751e-06,0
0.9994715,1
0.00017547599,0
0.99954396,1
0.99999225,1
0.0035371345,0
0.99998736,1
3.2734435e-05,0
0.99998164,1
2.45905e-05,0
0.018130088,0
0.0007548116,0
5.5351622e-05,0
4.507777e-05,0
9.2715956e-05,0
0.9998363,1
0.9999865,1
0.00053342205,0
3.1556847e-05,0
1.1468942e-05,0
0.006664207,0
0.99998605,1
0.00036507647,0
8.028031e-05,0
0.99996233,1
9.768332e-06,0
0.99990904,1
0.9999994,1
0.999803,1
0.9999492,1
1.8123923e-05,0
0.99969816,1
2.794664e-05,0
0.99998665,1
3.5431316e-05,0
6.707357e-05,0
0.99995494,1
0.0006650026,0
0.9999851,1
0.0005962603,0
0.99994874,1
0.9999739,1
0.0013454484,0
0.00063473795,0
0.0007908673,0
0.00013237189,0
6.7252254e-06,0
1.0560738e-05,0
0.99994326,1
2.5693538e-05,0
0.99997616,1
0.9996805,1
0.9999883,1
0.00014057284,0
3.562631e-06,0
0.999997,1
0.9991291,1
1.1015535e-05,0
3.8727967e-06,0
0.0007617576,0
0.0028728175,0
0.00043776905,0
0.0058714114,0
0.01044938,0
1.9785082e-05,0
0.0007593286,0
8.024902e-06,0
1.0517891e-05,0
2.0103565e-05,0
4.106293e-05,0
6.3133702e-06,0
8.415109e-05,0
0.99993885,1
2.478702e-06,0
0.00033305833,0
0.9999896,1
2.1912912e-05,0
0.99999046,1
1.5370355e-05,0
0.0077514537,0
3.8559112e-05,0
0.0028727835,0
3.0022764e-05,0
0.9996296,1
0.00014728663,0
0.99999523,1
0.0005253344,0
0.9998671,1
0.99989617,1
0.9999945,1
0.99994826,1
0.99991393,1
1.2053743e-05,0
0.9999497,1
0.9998405,1
3.8807016e-06,0
0.00041966047,0
0.017794235,1
0.9998895,1
5.0216217e-06,0
2.473781e-05,0
3.1552759e-06,0
0.99979466,1
0.9980836,1
0.9999949,1
0.030083999,0
1.18772405e-05,0
0.0010401595,0
3.0713527e-05,0
0.9997273,1
0.00010684293,0
0.0004871654,0
0.9999095,1
0.0019206611,0
7.9622805e-05,0
5.1060117e-05,0
0.99995065,1
0.9999106,1
0.0025835214,0
0.9999428,1
5.8554383e-07,0
0.9999927,1
3.2678333e-06,0
0.9985293,1
0.00053919357,0
0.00015771994,0
0.9999844,1
0.9999894,1
1.86816e-05,0
0.00013151133,0
2.8627655e-06,0
1.1290144e-05,0
0.9999877,1
0.99998116,1
0.00023112667,0
9.95203e-06,0
2.7423348e-05,0
0.9999963,1
2.1395126e-05,0
0.9999919,1
0.00017627691,0
0.9999857,1
9.287099e-05,0
0.0005042167,0
0.9995952,1
1.2005034e-05,0
7.2174735e-05,0
0.0012008225,0
0.99999404,1
0.024286201,0
0.9999945,1
0.9999939,1
0.00013213759,0
9.465324e-05,0
2.2358845e-05,0
0.99999475,1
0.0004535751,0
1.8836901e-05,0
9.929078e-05,0
2.464741e-05,0
3.0494818e-06,0
0.99985385,1
2.4221122e-06,0
5.287301e-05,0
0.9999863,1
0.99992,1
0.0002586448,0
2.4601828e-05,0
0.9999926,1
0.9999893,1
0.9999392,1
9.119771e-06,0
3.8127152e-07,0
0.999925,1
0.00012560468,0
1.4553787e-05,0
0.00014270483,0
0.9998115,1
0.9999573,1
0.99986196,1
0.99997425,1
0.9957698,1
0.0013882138,0
0.9999869,1
9.728496e-06,0
6.4317346e-06,0
0.00015865694,0
0.9999926,1
6.460619e-05,0
9.108063e-06,0
0.00021925026,0
2.1664007e-05,0
4.0125175e-05,0
0.9999237,1
0.000898717,0
0.9989905,1
0.00020545266,0
0.99998915,1
3.493509e-05,0
2.6615686e-05,0
0.00026995284,0
7.75142e-06,0
0.0016086049,0
0.0009884636,0
0.9999708,1
0.001210212,0
0.00129197,0
0.0006300462,0
1.8232011e-05,0
3.603497e-05,0
0.00038419283,0
0.9999747,1
5.8152928e-06,0
0.9999782,1
0.9999281,1
4.3316572e-06,0
0.0036688226,0
8.650294e-05,0
1.7827415e-05,0
2.2196255e-05,0
1.8167895e-05,0
0.0007028419,0
1.4320574e-06,0
0.9999583,1
0.43475714,1
0.9999387,1
2.9219827e-05,0
0.00047145673,0
0.0002972752,0
0.9999876,1
0.9999645,1
0.99993455,1
4.7382575e-05,0
5.5672368e-05,0
0.0007966039,0
0.9868918,1
0.9999436,1
0.9999945,1
0.0005011972,0
4.634406e-05,0
0.003999484,0
0.00028223096,0
0.0009829974,0
0.999801,1
2.1618785e-06,0
1.7198668e-06,0
2.896917e-06,0
1.2123918e-05,0
6.5980735e-06,0
0.00023277737,0
0.00028554242,0
0.0003782066,0
0.99998856,1
8.604503e-05,0
0.0005375138,0
0.0010694391,0
0.9999919,1
0.9999865,1
3.558848e-06,0
3.065889e-05,0
1.5865562e-05,0
0.0003757913,0
0.9999969,1
0.9999901,1
0.00036921178,0
0.9999808,1
0.9999565,1
4.6989968e-05,0
2.726228e-05,0
0.99996555,1
0.9999728,1
1.7971279e-05,0
2.0204816e-05,0
0.0021909217,0
0.99971825,1
9.1226015e-05,0
3.0693338e-06,0
8.4655745e-05,0
0.012406719,0
0.0006691193,0
2.552157e-05,0
0.9999522,1
5.069073e-06,0
0.9999993,1
4.846871e-05,0
2.7997456e-05,0
0.00027767837,0
0.99999774,1
0.999806,1
2.7109449e-05,0
0.99999297,1
0.99938834,1
0.00019383743,0
0.99995387,1
6.805343e-06,0
4.2424126e-05,0
8.8728586e-05,0
2.0534559e-05,0
0.9999963,1
2.6847974e-05,0
9.854452e-06,0
0.00040434254,0
9.589846e-05,0
0.00016246492,0
0.00015140891,0
0.00092099694,0
0.9998505,1
0.00083486905,0
0.99999726,1
3.779052e-05,0
8.162274e-06,0
0.9999939,1
0.9999726,1
0.00018876037,0
0.0005498716,0
0.99999607,1
1.1351131e-05,0
0.99995124,1
0.99979085,1
0.00015482507,0
9.279158e-05,0
1.6231266e-05,0
1.3717871e-05,0
0.9999924,1
2.103246e-05,0
6.2894405e-06,0
0.999754,1
0.9999062,1
0.001921612,0
0.00013301136,0
1.8885448e-05,0
6.4783744e-05,0
0.9999633,1
0.00013816012,0
0.9241145,1
2.902473e-05,0
2.7284073e-05,0
1.3569089e-05,0
0.00043578338,0
3.2007683e-05,0
2.343278e-05,0
0.99994636,1
6.773809e-07,0
7.386674e-05,0
0.9999051,1
2.0230893e-06,0
0.00021817548,0
0.8715144,1
5.7596422e-05,0
0.9999218,1
0.00012357673,0
7.476348e-06,0
3.5832858e-05,0
8.005357e-06,0
0.999977,1
0.0038182682,0
2.7138236e-05,0
1.565059e-05,0
0.00022532072,0
0.99954385,1
0.9999963,1
4.2263305e-06,0
0.99999607,1
0.0033887203,0
4.2829324e-05,0
5.6695797e-05,0
0.00010059374,0
7.650586e-06,0
0.9999944,1
3.7093698e-05,0
0.0056804908,0
7.2617746e-05,0
0.9998728,1
0.00034395518,0
0.9999776,1
4.6255358e-05,0
0.00067150145,0
0.9999738,1
4.0035124e-05,0
0.0003544443,0
1.1367868e-05,0
0.00048086987,0
0.99992514,1
0.009304776,0
2.6540217e-06,0
0.9999865,1
6.2792465e-06,0
0.99982363,1
0.9999695,1
1.42835015e-05,0
2.764097e-06,0
0.9999958,1
1.4172389e-05,0
0.000102079335,0
0.0013418666,0
0.00015374877,0
0.9999627,1
4.5928995e-05,0
0.00041784457,0
3.4504068e-05,0
8.4575055e-05,0
0.0026136618,0
0.00037950938,0
1.0144734e-05,0
0.9999925,1
0.8546335,1
0.9994869,1
2.5324387e-05,0
3.99369e-05,0
6.4398855e-06,0
4.7320173e-05,0
0.9999933,1
7.0528e-05,0
0.00020076244,0
3.2189204e-05,0
1.7480223e-05,0
0.9999528,1
4.847501e-06,0
3.425088e-05,0
0.99991405,1
9.177083e-06,0
4.3212673e-05,0
5.3245873e-05,0
1.5245683e-05,0
0.00072642864,0
1.575429e-05,0
0.009844087,0
0.00012274538,0
1.5493386e-05,0
0.99998,1
0.0019689305,0
0.99983704,1
0.00027595763,0
0.00041175698,0
0.00053359877,0
7.190386e-05,0
3.782445e-05,0
0.9999851,1
0.0014724378,0
3.3812885e-05,0
0.00044076296,0
8.725118e-06,0
0.048969813,0
7.3624615e-05,0
0.0006001253,0
1.7685528e-05,0
3.5558118e-05,0
0.00010010954,0
0.0008152262,0
0.9999881,1
0.99993825,1
0.99997544,1
0.99998367,1
2.1736727e-05,0
1.7591246e-05,0
0.99989665,1
4.21379e-06,0
0.00062762666,0
0.9999553,1
0.9999478,1
1.0281833e-05,0
0.9999988,1
0.9997955,1
8.474284e-06,0
3.0473126e-05,0
2.0462583e-05,0
3.082606e-05,0
0.9999976,1
1.1150579e-06,0
4.232028e-05,0
9.396598e-05,0
6.5184975e-07,0
8.090827e-06,0
3.8499184e-05,0
2.1672498e-05,0
0.9999472,1
0.9998877,1
0.9999683,1
0.999905,1
0.99999046,1
0.99999106,1
1.5970892e-06,0
0.99996626,1
7.095313e-05,0
0.9999862,1
0.99752384,1
4.67288e-06,0
0.002753284,0
0.9994363,1
0.9999733,1
6.495962e-05,0
0.007406351,0
8.188432e-06,0
5.8673457e-05,0
0.99997723,1
2.1058671e-05,0
0.9999088,1
0.999985,1
0.99997413,1
9.18117e-06,0
3.3752199e-06,0
1.89869e-05,0
0.99993813,1
0.99998415,1
0.99999857,1
5.714333e-05,0
9.6438496e-05,0
0.9996811,1
0.999998,1
0.000119140655,0
0.0013188124,0
0.0012452293,0
0.9999572,1
0.000150861,0
0.9999912,1
0.99050623,1
0.9999764,1
0.9999794,1
0.99993384,1
0.99619293,1
4.854834e-07,0
0.99997747,1
0.0008078554,0
4.3621894e-06,0
0.9999238,1
1.9024437e-05,0
0.99987805,1
0.0006249731,0
0.9999937,1
0.00021512901,0
0.99999833,1
0.00026631786,0
0.9999424,1
7.542472e-05,0
0.9999881,1
0.00026165292,0
9.426901e-06,0
0.00024876033,0
0.9986772,1
4.1546377e-06,0
0.00045162547,0
0.0007659066,0
0.001966535,0
4.591288e-05,0
0.9999347,1
0.99998605,1
2.8321394e-05,0
8.96318e-06,0
3.9823794e-06,0
0.9999497,1
0.99999857,1
0.0003810063,0
0.0007986223,0
8.0402046e-05,0
0.00068245863,0
0.99986756,1
0.9999715,1
6.840571e-05,0
3.5737787e-06,0
1.3378343e-05,0
0.00019081956,0
8.91385e-06,0
0.0023137035,0
2.7509497e-05,0
0.0011684012,0
0.9999505,1
0.9999938,1
0.99966884,1
2.944262e-05,0
0.9999913,1
2.6555495e-05,0
4.5401204e-05,0
0.00014237619,0
0.9999933,1
0.99999535,1
0.00017817206,0
0.008576573,0
2.7133243e-05,0
0.0015804906,0
0.00012434198,0
2.4112749e-05,0
0.9999976,1
0.99995756,1
0.9998287,1
0.0003929182,0
0.9999949,1
0.9999993,1
0.99995697,1
0.0024730396,0
0.00014075781,0
0.00024972536,0
0.9999417,1
0.9999807,1
8.925864e-05,0
1.10964575e-05,0
0.00022988887,0
4.005697e-05,0
8.880138e-05,0
0.9996791,1
4.2544492e-05,0
0.99998367,1
0.0002266307,0
0.9999497,1
0.00013210822,0
3.6065496e-05,0
0.99991715,1
0.000549551,0
0.9999994,1
0.0036264,0
4.9615987e-06,0
0.99998474,1
0.00087337976,0
2.2661584e-06,0
0.000978743,0
2.7406353e-05,0
0.99997365,1
0.0035532755,0
0.9999875,1
3.620751e-05,0
0.9993819,1
0.99998605,1
0.0005658013,0
0.9995322,1
0.00038994034,0
2.9679366e-05,0
0.9999925,1
3.9987466e-05,0
0.99981064,1
0.0032404265,0
0.0003981533,0
0.00034383094,0
2.1793954e-05,0
0.9999844,1
0.99995697,1
0.9999802,1
0.0031328532,0
1.1856123e-05,0
7.18944e-05,0
0.0022990052,0
0.99986637,1
3.382833e-05,0
0.00019697062,0
8.1962535e-05,0
0.00030255312,0
0.00014162347,0
0.9999924,1
0.99998796,1
0.00013526439,0
0.99999845,1
0.0005554775,0
0.99999774,1
7.5207136e-06,0
0.015452259,0
3.3651402e-05,0
0.9983845,1
2.2460848e-05,0
0.99999523,1
7.608383e-05,0
5.573787e-05,0
3.3733075e-05,0
0.9999844,1
0.99997747,1
5.5751956e-05,0
0.0077742874,0
3.0611125e-05,0
0.000106852814,0
0.999997,1
0.00026956704,0
0.9999269,1
0.9999927,1
5.000928e-06,0
0.99985325,1
0.99997985,1
0.9999993,1
2.467789e-05,0
0.99991465,1
0.9999027,1
0.00020407196,0
2.3174325e-05,0
0.9995641,1
0.9999945,1
0.00011740589,0
0.0002502094,0
0.9998987,1
9.9120305e-05,0
9.866065e-06,0
9.3904475e-07,0
1.398572e-05,0
0.9999449,1
0.0001618943,0
5.0389203e-06,0
0.9999163,1
0.99997044,1
0.9999839,1
0.0006433413,0
3.4811044e-05,0
0.0011041184,0
0.00025432173,0
0.00015376034,0
0.9999769,1
0.9999496,1
6.8525264e-06,0
0.008403838,1
0.9999466,1
0.00016380797,0
2.034288e-05,0
0.9999796,1
0.99999607,1
0.00034572714,0
6.7087176e-06,0
2.8873746e-05,0
0.0018690731,0
1.0095446e-05,0
0.9998246,1
1.0928142e-06,0
2.2560907e-05,0
0.0025603971,0
0.9999957,1
3.182265e-06,0
0.99999535,1
0.99995863,1
0.00021664255,0
0.00016846856,0
0.00015464817,0
0.99969125,1
6.038717e-06,0
0.9999763,1
0.00033195995,0
0.9997991,1
0.99996936,1
0.000314581,0
5.075205e-05,0
0.9998022,1
2.8278431e-05,0
0.9999616,1
3.0963885e-05,0
1.4087321e-05,0
0.9999838,1
0.9999523,1
2.6436621e-06,0
0.00026888732,0
0.99992275,1
0.00019739967,0
0.99998426,1
5.4028704e-05,0
4.9553655e-05,0
0.00013513856,0
0.0006844384,0
0.99723095,1
0.0070442865,0
0.9999714,1
8.585721e-06,0
0.0008327953,0
5.8084013e-05,0
0.0013755464,0
5.767238e-05,0
0.00039554297,0
0.00021348475,0
0.9999944,1
0.99998677,1
2.6884767e-05,0
2.6197837e-05,0
0.9999752,1
2.3036586e-05,0
0.99998474,1
0.0002451726,0
5.293976e-05,0
8.43242e-06,0
0.00016464418,0
4.6029927e-06,0
2.6407733e-05,0
0.9998466,1
6.572454e-05,0
0.99999905,1
0.00090869924,0
2.8359558e-05,0
5.537401e-05,0
0.0005334431,0
0.9999927,1
9.924299e-06,0
0.9993193,1
0.2584115,0
0.99999905,1
7.22579e-06,0
3.9757197e-05,0
0.9999883,1
0.9999242,1
4.949811e-05,0
0.9999815,1
5.8344765e-05,0
0.00035651098,0
0.0015325982,0
0.99999607,1
2.9074512e-05,0
0.00010278907,0
6.6459115e-06,0
2.9299496e-05,0
0.9999672,1
0.99995744,1
7.54558e-05,0
1.4974424e-05,0
0.999998,1
0.99985635,1
2.7232736e-05,0
8.894978e-05,0
4.863221e-06,0
0.0003815732,0
2.7075139e-06,0
0.00023007658,0
0.00073653454,0
7.058729e-05,0
0.0001658565,0
0.003484078,0
0.99998057,1
4.064129e-05,0
2.0192854e-05,0
8.508273e-05,0
0.99999344,1
0.9999707,1
1.9258327e-05,0
4.978005e-05,0
0.0035233563,0
4.260832e-05,0
0.008678685,0
0.9997788,1
0.00010381866,0
4.2030013e-05,0
3.8949827e-05,0
4.4147324e-05,0
0.9999752,1
0.9999957,1
0.12969485,0
9.570357e-06,0
0.0027621198,0
0.00013410418,0
7.268994e-05,0
5.916736e-06,0
0.0010301606,0
0.99990034,1
0.0002330723,0
0.00021443744,0
0.99998975,1
6.2386043e-06,0
0.9999728,1
0.99997425,1
1.140346e-05,0
0.99983966,1
0.00028052693,0
0.9999944,1
0.005814505,0
0.0011922619,0
0.9999565,1
0.000119511365,0
1.0725264e-05,0
0.03121691,0
0.00032832436,0
0.9999529,1
5.355886e-06,0
1.7290604e-05,0
0.00012313222,0
2.4135663e-05,0
0.00015240126,0
0.99999225,1
2.1599599e-06,0
0.99999297,1
0.0008728801,0
0.99999404,1
0.9999856,1
0.0049856137,0
6.415341e-05,0
5.078008e-05,0
0.9999107,1
7.865586e-05,0
0.9997043,1
2.204393e-05,0
0.9999795,1
1.5433132e-05,0
4.4993805e-05,0
4.5958834e-05,0
1.7285838e-05,0
4.3674645e-05,0
5.1076575e-05,0
3.7783244e-05,0
0.9999783,1
1.4453743e-05,0
0.99521244,1
3.8624175e-06,0
3.0073766e-06,0
0.87978655,1
0.99996674,1
7.776809e-06,0
1.4716187e-05,0
1.3198533e-05,0
0.9999546,1
0.9998153,1
0.9999759,1
3.6483303e-05,0
8.652639e-06,0
0.0023556096,0
3.8811635e-05,0
3.91028e-06,0
2.9079363e-05,0
0.99990475,1
0.99998367,1
4.4354776e-05,0
1.5805623e-05,0
6.43052e-06,0
0.0005215115,0
2.351173e-05,0
0.00019786002,0
1.8728424e-05,0
0.00010138852,0
0.99988127,1
0.99999774,1
0.9999815,1
0.9999039,1
5.1965246e-05,0
4.9422266e-05,0
1.871957e-05,0
0.00536439,0
0.0037775536,0
0.9997931,1
0.99999785,1
0.99998224,1
1.5094892e-05,0
0.00046485025,0
0.999987,1
0.9999988,1
0.999902,1
0.00011382839,0
1.4861764e-05,0
2.5161295e-05,0
0.9999976,1
1.3610302e-05,0
8.060272e-05,0
0.00023144067,0
0.999998,1
0.99986744,1
0.00095186837,0
5.5650285e-06,0
0.9999989,1
0.0005135978,0
2.7635657e-05,0
8.978186e-06,0
2.2460848e-05,0
0.9999219,1
6.204227e-05,0
0.99999464,1
0.9997867,1
0.9999964,1
0.00067808287,0
0.0030059172,0
2.1804515e-05,0
0.00014963993,0
0.0020581863,0
0.9999325,1
0.0038569134,0
6.938381e-06,0
1.8800635e-06,0
2.2665867e-05,0
0.9999993,1
1.1425036e-05,0
0.9999521,1
2.78163e-05,0
0.9995166,1
0.99983525,1
0.99998593,1
7.936961e-05,0
6.851801e-06,0
0.9998728,1
0.99999785,1
9.230457e-06,0
6.195837e-06,0
1.1721975e-05,0
1.6473508e-06,0
0.00012029203,0
0.99983513,1
6.4626615e-06,0
0.99992657,1
1.0744715e-05,0
2.1098916e-05,0
1.0385188e-05,0
0.9999944,1
4.879139e-05,0
6.2162735e-06,0
0.99979025,1
1.551891e-05,0
3.9715324e-05,0
9.163466e-06,0
0.99999917,1
0.00017540222,0
4.5771008e-06,0
3.0274075e-05,0
4.893724e-05,0
0.99996984,1
1.4139381e-05,0
0.0008649642,0
0.00013827412,0
4.616735e-05,0
0.9999503,1
0.0019031496,0
3.9825804e-06,0
0.9999975,1
0.002754151,0
0.00017031858,0
0.9999348,1
0.0019765415,0
0.0004751384,0
0.9983917,1
2.5356248e-06,0
6.4656975e-05,0
0.99993896,1
7.2430325e-05,0
2.1293188e-05,0
4.9068974e-05,0
0.99988127,1
0.99996865,1
0.00013593896,0
0.0003998587,0
0.99995494,1
0.9998901,1
6.045236e-05,0
0.9997061,1
0.9999926,1
0.9997681,1
0.9999968,1
0.99998844,1
0.9999927,1
0.99998355,1
6.457391e-05,0
0.99957293,1
0.9999479,1
0.00014194741,0
0.0037943493,0
0.99986386,1
0.0041173915,0
0.9999441,1
0.9999683,1
0.9999316,1
0.9999068,1
0.00017331626,0
2.8697825e-06,0
0.0048580538,0
0.00085111335,0
0.9999865,1
0.9998951,1
0.9998977,1
0.001115232,0
7.616545e-06,0
0.99939704,1
0.0010718022,0
0.9999993,1
2.7173017e-05,0
2.5652937e-06,0
2.8698687e-05,0
5.8997804e-05,0
9.365289e-05,0
2.7114181e-06,0
0.9999498,1
0.9999856,1
0.9999814,1
0.99999404,1
0.00031336868,0
0.99999297,1
3.3561377e-05,0
1.4723768e-05,0
0.006609514,0
0.00015512222,0
0.020653155,1
0.0048334496,0
0.9999982,1
0.99996567,1
1.9888788e-05,0
1.4039026e-05,0
0.9999516,1
2.5573388e-05,0
0.0004772616,0
4.0790506e-05,0
0.9998845,1
0.99994683,1
5.765116e-05,0
0.00010088856,0
6.913277e-05,0
5.8795445e-06,0
3.9261253e-05,0
2.0834866e-06,0
0.00038227843,0
1.2147678e-05,0
1.1646766e-06,0
0.00035489045,0
0.00025884586,0
0.9999651,1
0.9999552,1
0.00013281795,0
5.554107e-06,0
2.7294354e-05,0
0.99999917,1
0.050659295,0
0.9999914,1
0.9999893,1
0.00013397126,0
0.00010803843,0
4.5975085e-06,0
0.0001645839,0
0.99998915,1
0.0006325093,0
3.9276065e-06,0
0.99999607,1
1.0727505e-05,0
4.5697207e-06,0
1.2747647e-05,0
0.00016675229,0
0.9999894,1
0.99999595,1
0.004935465,0
1.4792985e-05,0
0.9999771,1
2.3375955e-05,0
2.5233576e-05,0
0.00036440155,0
8.271639e-05,0
7.629045e-05,0
0.0018877131,0
2.7198243e-05,0
1.4272622e-05,0
1.1840328e-05,0
1.2888136e-05,0
1.6315957e-05,0
0.9999566,1
1.0139598e-05,0
1.1342032e-06,0
7.186666e-06,0
0.00010743671,0
0.00034259362,0
4.818588e-05,0
0.9999895,1
0.0008402502,0
3.275459e-06,0
0.9999523,1
0.00016417967,0
0.001065327,0
6.6471395e-05,0
0.00024120176,0
1.2110283e-05,0
0.00030244124,0
0.00018806943,0
5.7798796e-05,0
0.00068086677,0
0.9999647,1
3.229482e-05,0
1.0986254e-05,0
1.0931449e-05,0
4.0971013e-06,0
2.2294224e-05,0
0.9977452,1
0.0004039405,0
5.213008e-05,0
0.00034064997,0
3.3177275e-06,0
0.98138154,1
0.00037575906,0
0.99998116,1
0.99995315,1
0.99942976,1
0.9999975,1
1.4348132e-05,0
0.004835028,0
8.326326e-07,0
1.8619881e-05,0
0.9999945,1
4.8750906e-07,0
0.99999547,1
1.4701179e-05,0
2.868131e-05,0
7.381618e-05,0
0.99998033,1
1.0483312e-05,0
0.9999964,1
0.9999826,1
3.6694088e-05,0
1.0743711e-05,0
0.99980634,1
0.99999225,1
0.9997477,1
4.003666e-06,0
6.301052e-05,0
0.9999839,1
0.9999956,1
0.9997584,1
0.99999654,1
0.99999666,1
0.0011062119,0
1.7251748e-05,0
0.0002672623,0
5.489215e-05,0
0.0004713352,0
1.1367424e-05,0
0.00012583665,0
0.9999819,1
0.9999783,1
1.2461131e-05,0
0.9999788,1
0.0002913945,0
5.1574e-05,0
0.999928,1
1.0325077e-05,0
1.0257632e-05,0
0.99987733,1
6.002795e-05,0
1.5453854e-05,0
2.8612087e-05,0
6.8622365e-05,0
3.3917553e-05,0
0.0012623473,1
0.00017061067,0
3.420153e-05,0
0.00016684739,0
0.9999896,1
3.7192665e-05,0
2.2082479e-05,0
5.9347716e-05,0
0.99997914,1
0.99657565,1
2.3067348e-06,0
0.00014358167,0
0.9999987,1
0.99977976,1
0.99991643,1
8.1980754e-05,0
0.00076020724,0
2.7835538e-05,0
0.99994266,1
0.001658455,0
0.010053868,0
0.99998677,1
3.0389285e-05,0
0.99999774,1
0.9999348,1
0.9998888,1
0.00015577012,0
8.599868e-05,0
0.00032007575,0
0.99998915,1
0.99991155,1
0.9998827,1
0.0014710235,0
0.99993956,1
0.99995816,1
0.99998796,1
0.00012677911,0
0.000116339485,0
9.9422854e-05,0
0.0023918778,0
0.0006972389,0
2.8699478e-05,0
8.648736e-05,0
0.001027566,0
0.999997,1
0.009710989,0
0.9999496,1
2.6763411e-05,0
0.0001300301,0
1.9373714e-05,0
0.99998736,1
4.1310886e-05,0
0.9998505,1
2.1221224e-05,0
2.6097172e-05,0
1.4342591e-05,0
1.8239105e-05,0
0.9999713,1
0.005939709,0
4.946607e-05,0
0.00105168,0
0.999995,1
1.3748753e-05,0
0.9999969,1
0.99991584,1
0.00027445494,0
0.9999541,1
0.9999703,1
6.6915936e-06,0
0.9975674,1
3.4186457e-06,0
6.0813036e-06,0
5.625051e-06,0
6.7910346e-06,0
2.793886e-05,0
0.0021849556,0
0.00031662703,0
1.4900848e-05,0
0.0011484043,0
0.999992,1
4.4748787e-05,0
0.9999391,1
2.0181707e-05,0
1.8976916e-06,0
6.10337e-06,0
3.0084122e-06,0
4.915745e-05,0
3.1645053e-05,0
0.99968684,1
0.9995944,1
2.8649902e-05,0
7.459911e-05,0
0.0001591131,0
0.9999746,1
0.9999229,1
0.00063946255,0
0.00028735498,0
0.00031226044,0
0.9999653,1
9.150559e-06,0
0.99999774,1
0.9999958,1
0.00055631786,0
5.856289e-05,0
0.00038145878,0
5.6362165e-05,0
8.803161e-05,0
8.9735455e-05,0
3.363292e-05,0
0.99997187,1
5.0912982e-05,0
0.00084771274,0
0.9995827,1
9.2418486e-05,0
0.99995613,1
0.00046832432,0
2.148449e-06,0
0.01807559,0
6.115873e-05,0
0.9999504,1
0.00019211207,0
0.00012897846,0
6.675919e-06,0
0.9999888,1
1.8627696e-05,0
0.999998,1
1.9039946e-06,0
0.9999856,1
1.3308242e-05,0
1.2469023e-05,0
0.0023714383,0
0.00070485286,0
1.4228887e-06,0
0.001578894,0
6.730666e-05,0
0.00015529228,0
6.0449975e-06,0
1.5154795e-05,0
0.00016753098,0
7.143972e-05,0
0.008516271,0
0.999992,1
0.00011840505,0
1.3952296e-05,0
7.5465923e-06,0
6.475126e-05,0
0.0013315971,0
8.91164e-06,0
0.9998734,1
0.9999212,1
2.3670065e-05,0
0.9999385,1
0.0004017295,0
0.00026914486,0
0.00011489984,0
0.9992281,1
2.1074362e-05,0
8.567381e-05,0
6.202583e-05,0
0.99993837,1
0.00025981435,0
1.5948555e-05,0
0.9999832,1
0.99993193,1
0.000106734675,0
6.507867e-05,0
4.1111803e-06,0
0.99999785,1
4.612788e-05,0
1.5067738e-05,0
4.2475194e-06,0
3.7380435e-06,0
5.48459e-05,0
0.00022413368,0
6.7703677e-06,0
0.9999676,1
0.99998844,1
0.99994385,1
1.192908e-06,0
1.3266945e-05,0
3.2812728e-05,0
4.6296e-05,0
0.9999988,1
0.9999064,1
3.67558e-05,0
0.99999154,1
0.0001889127,0
0.9996518,1
1.1987427e-05,0
9.250637e-06,0
5.3600347e-06,0
6.28853e-05,0
0.9999924,1
0.99998736,1
0.00021766683,0
4.1693722e-05,0
0.00011612213,0
0.99995327,1
0.0013702458,0
0.9999988,1
1.3460171e-06,0
4.791937e-05,0
1.3705841e-05,0
5.8575047e-06,0
0.9999883,1
0.9999964,1
0.6515392,1
0.0013509773,0
0.00014859854,0
6.887079e-06,0
4.1720927e-05,0
6.636904e-05,0
0.99997103,1
0.99955624,1
0.9999968,1
0.9999975,1
0.9999814,1
0.00027440445,0
2.9867842e-05,0
3.2436245e-05,0
2.974241e-05,0
8.200036e-06,0
0.9999795,1
0.00012184058,0
0.0009106815,0
4.5122974e-06,0
2.1008565e-05,0
2.297268e-05,0
0.9999329,1
9.773542e-06,0
0.000517763,0
0.9999771,1
9.056243e-06,0
0.0002430933,0
0.00050483714,0
2.0500298e-05,0
0.9999901,1
0.00034998736,0
0.0017676036,0
6.609227e-06,0
7.744515e-05,0
3.691081e-05,0
0.99995935,1
1.5075758e-05,0
0.999995,1
0.9999672,1
7.4536597e-06,0
0.99850357,1
2.925485e-06,0
0.0040334202,0
0.00079927326,0
7.291759e-05,0
0.00038677015,0
2.596763e-05,0
0.0001696555,0
0.9698371,1
0.9999782,1
7.929751e-05,0
0.0005544572,0
1.3132554e-05,0
0.9999908,1
0.99999654,1
0.99997175,1
1.9277695e-05,0
5.380991e-07,0
0.9983961,1
0.0007971351,0
0.99984574,1
0.0002055279,0
0.000114059934,0
3.8487695e-05,0
0.00011939394,0
0.0015983027,0
8.434311e-06,0
0.0033972403,0
0.9999876,1
0.010751613,0
5.736574e-06,0
0.99993145,1
0.99999833,1
2.7633154e-05,0
0.00025657064,0
0.00013433481,0
0.9999807,1
0.99999785,1
0.99994826,1
0.0032922972,0
8.932436e-06,0
4.2787065e-06,0
0.99999034,1
0.005654064,0
0.99998546,1
0.99997723,1
0.0002864761,0
3.3018456e-05,0
0.005538657,0
0.9997383,1
0.99991655,1
7.806702e-05,0
6.593968e-05,0
0.99999034,1
0.9999788,1
0.99997103,1
0.9997855,1
1.8748438e-05,0
0.0015316439,0
0.048626967,0
0.99982184,1
0.0013465714,0
1.0821728e-05,0
0.99982846,1
2.522809e-05,0
0.22401823,0
2.9108078e-06,0
0.0016754917,0
0.000113584756,0
0.99996436,1
3.503862e-05,0
2.5738294e-05,0
0.99996996,1
0.99986565,1
0.99992156,1
0.9999907,1
0.9999963,1
0.99998224,1
3.8739713e-06,0
0.00016358227,0
0.0020656893,0
0.99999774,1
7.276582e-06,0
3.9286892e-06,0
0.9998579,1
0.0001989601,0
0.9999981,1
0.9999453,1
0.99998236,1
1.809434e-05,0
0.9999776,1
0.99998486,1
0.99996793,1
0.0018327362,0
7.930465e-06,0
0.99690646,1
0.9999944,1
0.99998474,1
0.00079849135,0
4.3880455e-06,0
0.038177352,0
0.00019700704,0
1.03210505e-05,0
1.5638223e-05,0
0.00010978681,0
0.00045811327,0
0.000113079426,0
7.3207564e-05,0
0.00011320177,0
0.0005749514,0
0.0017886576,0
7.222486e-05,0
0.000102916856,0
0.0016482327,0
1.2572944e-05,0
0.999992,1
9.0609596e-05,0
0.9999888,1
5.29645e-05,0
0.99999726,1
0.99998796,1
0.00012468261,0
2.0596515e-05,0
0.9999981,1
0.0015316439,0
0.9999769,1
1.6412698e-05,0
0.9999901,1
0.99998426,1
0.9999982,1
0.99999714,1
0.9999391,1
0.00010330367,0
8.304612e-05,0
4.4513486e-06,0
0.0021480774,0
0.99999666,1
0.00011193964,0
3.7519192e-05,0
0.000101948106,0
0.999995,1
0.00015259553,0
4.211267e-06,0
9.27685e-06,0
0.0018096485,0
1.010688e-05,0
0.9999665,1
0.0007886479,0
0.99978477,1
0.00014475937,0
0.99999094,1
6.360044e-05,0
0.0018684141,0
0.9999976,1
0.001107281,0
6.0989598e-05,0
8.125049e-05,0
0.0006181066,0
0.37516755,1
4.0239713e-05,0
9.617467e-06,0
0.9999696,1
1.3769907e-05,0
6.7966546e-05,0
0.99998736,1
8.261934e-05,0
0.9999981,1
0.9999912,1
1.0806599e-05,0
0.9993722,1
2.9377163e-05,0
0.002698167,0
0.9999685,1
0.99992645,1
7.714442e-05,0
0.99998856,1
4.3632557e-05,0
0.00016082896,0
0.9999888,1
3.922327e-05,0
0.00026835923,0
4.7511254e-05,0
2.917319e-06,0
0.9998977,1
7.805072e-05,0
6.933322e-05,0
0.00031509518,0
5.2958338e-05,0
5.1481868e-05,0
3.222901e-05,0
0.0009926854,0
3.1261658e-05,0
2.6457696e-05,0
6.257534e-06,0
0.00011343994,0
4.4720064e-06,0
0.99999666,1
0.00027504773,0
0.9999943,1
0.9999869,1
0.99998343,1
0.9998965,1
8.449761e-06,0
2.0078799e-06,0
0.99983466,1
0.00017906791,0
3.1539703e-06,0
0.9999652,1
8.573674e-05,0
0.00011175694,0
2.2675706e-05,0
0.99995065,1
2.8417113e-05,0
3.501821e-05,0
0.99995613,1
7.709499e-05,0
0.9999622,1
0.99992025,1
3.1876564e-06,0
0.00015821912,0
7.998733e-05,0
0.9998324,1
4.8134534e-05,0
5.2677897e-06,0
0.999877,1
0.9999591,1
0.99998724,1
